Kennung;Name;Streckentyp (1=freie Strecke 2=Bruecke);Streckenbelag (1=Asphalt 2=Beton);Breite;Laenge;Hoehe;Flughafen;Inaktiv
A006;Boeglum;1;1;54,889200;8,908700;1;;
A040;Lutterbek;2;1;54,393074;10,285816;13;;
A041;Stadum;1;1;54,748770;9,082510;5;;
A065;Tarp - Bruecke;1;2;54,663597;9,430392;48;;
A161;Kabelhaus Flensburg;1;2;54,733900;9,389200;39;;
A162;Dollerup;1;1;54,771710;9,699360;38;;
A190;Scheideheck;1;1;54,702871;9,942718;4;;
A210;Nordstrand;1;1;54,511990;8,936500;0;;
A260;Twedt/Hoffnungstal;1;1;54,604680;9,683950;14;;
A280;Schleibruecke;2;1;54,659600;9,937690;4;;
A281;Karby;1;1;54,612710;9,969150;7;;
A310;Hattstedtermarsch;1;1;54,550370;9,006020;0;;
A311;Husum Sued;1;1;54,439760;9,045590;-3;;
A338;Brekendorfer Moor;1;1;54,431300;9,596200;21;;
A350;Gettorf;1;1;54,429940;9,954280;31;;
A357;Levensauer Hochbruecke;2;1;54,368212;10,077290;46;;
A390;Fehmarnsundbruecke;2;1;54,405440;11,114740;24;;
A391;Puttgarden;1;1;54,493290;11,219690;7;;
A400;Toenning;2;1;54,326330;8,951310;1;;
A401;Tating Haferacker;1;1;54,325000;8,658900;0;;
A441;Rader Hochbruecke Nord;2;1;54,338157;9,715886;15;;
A442;Rader Hochbruecke Sued;2;1;54,327852;9,731894;37;;
A452;Hasenmoor;1;1;54,314500;9,913100;24;;
A455;Rumohr;1;1;54,242598;10,021776;28;;
A472;Selenter Berg;1;1;54,290520;10,409690;65;;
A492;Oldenburg i.H.;1;1;54,268300;10,887800;11;;
A512;Heide Gma;1;1;54,169200;9,086500;4;;
A525;Nordhastedt;1;1;54,163968;9,194309;10;;
A535;Boxberg;1;1;54,066506;9,750004;66;;
A540;Dellbrueck;1;1;54,140420;9,645370;17;;
A553;Bordesholmer Damm;1;1;54,174100;9,956800;34;;
A554;Bordesholmer Bruecke;2;1;54,179700;9,957300;37;;
A580;Schmiedendorf;1;1;54,290990;10,612640;17;;
A581;Bungsberg;1;1;54,214450;10,739580;122;;
A593;Lensahn;1;1;54,187788;10,894889;31;;
A620;Ruhwinkel;1;2;54,104422;10,213163;37;;
A621;Warder;1;1;54,246250;9,817400;15;;
A632;Schafstedt;2;1;54,069733;9,317318;35;;
A650;Klein Kummerfeld;1;1;54,024750;10,065080;31;;
A680;Dodauerforst;1;1;54,133970;10,539330;54;;
A681;Ahrensboek;1;1;54,008430;10,553000;62;;
A692;Neustadt i.H.;1;1;54,103571;10,781158;9;;
A710;NOK-Brunsbuettel;2;1;53,923700;9,194100;0;;
A730;Stoerbruecke;1;1;53,930300;9,480300;3;;
A739;Steinburg;1;1;53,828979;9,632859;6;;
A751;Lentfoehrden;1;1;53,856990;9,888420;28;;
A754;Bad Bramstedt;1;1;53,904760;9,925077;13;;
A760;Hartenholm;1;1;53,921850;10,092230;48;;
A771;Hoegersdorf;2;2;53,921205;10,273899;35;;
A785;Wakenitz;2;1;53,800470;10,766811;8;;
A789;Moisling;1;2;53,856150;10,607184;22;;
A795;Bad Schwartau;1;2;53,909200;10,694800;18;;
A805;Pinneberg-Nord;1;1;53,669053;9,809378;15;A;
A810;Halstenbeck-Krupunder;1;1;53,627780;9,874311;18;A;
A829;Forst Rantzau;1;1;53,702200;9,773900;4;;
A830;Norderstedt;1;1;53,692020;10,007386;27;;
A840;Henstedt-Ulzburg;1;1;53,804281;9,931439;27;;
A866;Sylsbeck;1;2;53,751781;10,369527;40;;
A872;Travebruecke;2;1;53,818183;10,478361;10;;
A936;Stapelfeld;1;2;53,615700;10,233100;61;;
A938;Buddikate;1;1;53,693430;10,321937;46;;
A950;Moelln;2;1;53,629055;10,671029;14;;
A961;AK Hamburg-Ost;2;1;53,560977;10,161568;19;;
A970;Sachsenwald;1;2;53,562865;10,337242;28;;
A983;Elbe-Luebeck-Kanal;2;1;53,550691;10,681278;20;;
B167;Ruegen;1;1;54,509473;13,535314;13;;
B225;Rostock-Ost;1;1;54,106110;12,191110;18;;
B238;Loebnitz;1;1;54,295975;12,713579;9;;
B326;Quellental;1;1;53,998890;11,963330;34;;
B327;Warnowtal Bruecke;1;1;54,019720;12,142500;15;;
B328;Stadtweide;1;1;54,075090;12,053142;45;;
B335;Kavelstorf;2;1;53,997220;12,200560;46;;
B337;Speckmoor;1;1;54,038380;12,370980;47;;
B338;Bad Suelze;1;1;54,059710;12,672470;23;;
B345;Trebeltal;1;1;54,077180;12,872880;11;;
B355;Hst Umspannwerk;1;1;54,280754;13,075218;25;;
B363;Miltzow;1;1;54,168088;13,175987;19;;
B367;Riedbruch;1;1;54,079590;13,153140;17;;
B406;Radegast;1;1;53,824720;11,073610;22;;
B431;Neukloster;1;1;53,900830;11,714170;52;;
B433;Kreuz Wismar;1;1;53,878610;11,535280;37;;
B443;Laage;1;2;53,883890;12,258610;28;;
B483;Ravensmuehle;1;1;53,524440;13,769440;63;;
B522;Moelenbarg;1;1;53,846110;11,373330;65;;
B545;Vietgest;1;1;53,763060;12,325560;36;;
B695;Brohmer Berge;1;2;53,548330;13,588890;79;;
B696;Zirchow;1;1;53,886773;14,097862;13;;
B705;Bresen;1;1;53,702194;10,969751;61;;
B706;Schoenberger Land;1;1;53,815260;10,874890;24;;
B707;Valluhner Sack;1;2;53,515000;10,828330;29;;
B715;AS Schwerin Nord;1;1;53,687680;11,507970;53;;
B717;Scharbower Berg;1;2;53,486110;11,199170;51;;
B719;Jesendorf;1;1;53,806300;11,607250;37;;
B720;Schwerin Sued;1;2;53,593330;11,507220;70;;
B742;Linstow;1;2;53,615830;12,375280;65;;
B751;Koelpin;1;1;53,711177;12,859286;59;;
B769;Demminer Land;1;1;53,862110;13,339980;23;;
B773;Jarmen;1;1;53,920330;13,351530;9;;
B822;AD Schwerin;1;2;53,423890;11,520560;36;;
B823;Sternberg;1;1;53,688900;11,843898;52;;
B826;Blievenstorf;1;2;53,368610;11,676390;47;;
B850;Petersdorfer Bruecke;1;1;53,468731;12,380292;76;;
B881;AS Pasewalk Nord;1;1;53,496840;13,911260;45;;
B883;Wodarg;1;1;53,760850;13,332670;49;;
B912;Pritzier;1;1;53,376884;11,083320;36;;
B922;Ruhner Berge;1;2;53,320280;11,893060;122;;
B942;KH Zepkow;1;2;53,320830;12,478330;73;;
B949;Zirtow;1;1;53,274776;12,913632;66;;
C107;HH-Nordwest;1;1;53,616670;9,916670;16;;
C207;Hochstrasse;1;1;53,533330;9,933330;5;;
C234;Bille;1;1;53,516670;10,116670;-2;;
C309;HH-Suedwest;2;1;53,450000;9,922500;97;;
C311;Norderelbe;2;1;53,516670;10,066670;-4;;
C315;Suederelbe;2;1;53,466670;10,016670;-2;;
C320;AS HH Eidelstedt;1;1;53,618197;9,908152;18;A;
C500;Am Botterbarg;1;1;53,574221;9,835260;26;;
C501;Bergedorfer Strasse;2;1;53,513837;10,168390;32;;
C502;Jahnring;1;1;53,600570;10,024507;13;;
C503;Koehlbrand Ost;1;1;53,521315;9,942743;60;;
C504;Schiffbeker Weg;1;1;53,557219;10,115666;18;;
C505;Ausschlaeger Allee;1;1;53,526499;10,069933;5;;
C506;Koehlbrand West;1;1;53,522319;9,934479;60;;
C507;Alte Schmiede;1;1;53,668621;10,125033;28;;
C508;Rossdamm;1;1;53,520811;9,971876;3;;
C590;Glinder AU;1;1;53,535743;10,141784;15;A;
C670;Moorfleet;1;1;53,508696;10,092134;-1;A;
C671;AD Südost ;1;1;53,508902;10,066938;4;A;
C800;Hamburg-Süd;1;1;53,498043;10,037697;5;A;
C850;Wilhelmsb. Reichstraße;1;1;53,484147;10,001447;-3;L;
C920;Eißendorf;1;1;53,444732;9,919124;82;A;
C921;Süderelbe I;2;1;53,476202;10,022298;3;A;
C922;Harburg;1;1;53,455228;10,028140;-2;A;
D001;Meyenburg;1;2;53,266670;8,616670;10;;
D500;Lesumer Bruecke;1;2;53,162383;8,720600;9;;
D965;Varreler Baeke;2;1;53,047217;8,709033;5;;
D974;Nordwest-Knoten;2;1;53,084933;8,794233;13;;
D975;Stephani-Bruecke;2;1;53,080183;8,790367;10;;
D995;Bremer Kreuz;1;2;53,036470;8,992190;6;;
D998;Hemelinger Weserbruecke;2;1;53,033100;8,866933;2;;
E010;Norden;1;1;53,586620;7,228620;-1;;
E032;Carolinensiel;1;1;53,682130;7,798470;0;;
E060;Blexen;1;2;53,525830;8,526580;3;;
E068;Nordholz;1;2;53,716670;8,666670;43;;
E080;Cadenberge;1;1;53,759980;9,075430;4;;
E081;Himmelpforten;1;1;53,613490;9,283360;7;;
E108;Emden-Nord;2;1;53,383330;7,216670;1;;
E109;Riepe-Bansmeer;1;1;53,368056;7,301111;-4;;
E110;Larrelt;1;1;53,368640;7,170700;-1;;
E130;Fedderwardergroden;2;2;53,566670;8,116670;3;;
E132;Wilhelmshaven;1;1;53,563890;8,066670;2;;
E134;Roffhausen(Sande);1;1;53,516670;8,016670;2;;
E136;Zetel;1;2;53,450000;8,016670;1;;
E146;Uthlede;1;2;53,307540;8,618640;4;;
E151;Heerstedt;1;1;53,468640;8,738930;10;;
E160;Oerel;1;1;53,484130;9,048650;23;;
E161;Wulsdorf;1;1;53,499470;8,628020;10;;
E162;Dollern;1;1;53,544663;9,570818;-3;A;
E180;Rübke;1;1;53,486349;9,752765;-1;A;
E181;Estebrücke;2;1;53,488415;9,708076;-1;A;
E211;Coldam;1;1;53,208500;7,404050;0;;
E213;Eisinghausen;1;1;53,263810;7,458010;0;;
E217;Filsum;1;1;53,266670;7,583330;5;;
E220;Loy;1;1;53,235600;8,278140;1;;
E225;Vareler Wald;1;1;53,383330;8,116670;24;;
E227;Hollwege;1;1;53,283330;7,916670;9;;
E228;Helle;1;1;53,225000;8,043056;15;;
E236;Wemkendorf;1;2;53,266670;8,166670;12;;
E237;Nordkreuz;1;1;53,216670;8,216670;21;;
E264;Sittensen;1;1;53,283330;9,516670;32;;
E267;Bockel;1;1;53,203056;9,298056;28;;
E270;Buchholz;2;1;53,372630;9,854260;98;;
E271;Rosengarten;1;1;53,397778;9,884722;98;;
E280;Maschen;1;1;53,393880;9,998010;16;;
E291;Elbevorlandbruecke;1;1;53,420080;10,338180;9;L;
E299;Lueneburg-Nord;1;1;53,278358;10,398814;28;;
E302;Bunde;1;1;53,180556;7,228890;-1;;
E305;Heede;1;1;53,016670;7,250000;0;;
E310;Kampe;1;1;53,084400;7,832770;6;;
E311;Husbaeke;1;1;53,085747;7,965430;4;;
E320;Huntebrueck;1;1;53,199580;8,447380;8;;
E322;Blankenburg;2;1;53,153056;8,275000;3;;
E328;Astrup;1;2;53,053056;8,212611;5;;
E329;Kimmen;1;1;53,066670;8,443056;22;;
E331;Hasport;1;1;53,031330;8,658090;14;;
E332;Mackenstedt;1;2;53,007383;8,717300;8;;
E333;Obernheide;1;2;53,013800;8,756483;3;;
E334;Weener;2;1;53,186944;7,298333;-1;;
E336;Krummhoerenskuhlen;1;2;53,023533;8,828617;4;;
E343;Hemelingen;1;2;53,035450;8,874610;5;;
E344;Mahndorf;1;2;53,028850;8,930517;7;;
E351;Hemsbuende;1;1;53,091860;9,464306;29;;
E363;Egestorfer Berg;1;2;53,205000;10,078889;124;;
E368;Timmerloh;1;2;53,053330;9,953611;112;A;
E371;Droegennindorf;1;1;53,148150;10,284680;109;L;
E373;Hoystorfer Berg;1;1;53,029800;10,538370;77;L;
E401;Lathen;1;1;52,866670;7,216670;10;;
E403;Surwold;1;1;52,984140;7,393790;4;;
E425;Doetlingen;2;1;52,916670;8,416670;18;;
E427;Ahlhorn;1;2;52,906111;8,166111;41;;
E431;Hoelscher Holz;1;2;52,916670;8,466670;41;;
E434;Delmenhorst-Ost;1;2;53,003889;8,683889;11;;
E450;Etelsen;1;2;53,016670;9,116670;50;;
E452;Dorfmark;1;1;52,906140;9,740380;82;L;
E460;vorm Wietzenbruch;1;2;52,961430;9,895000;68;A;
E492;Saasse;1;1;52,948970;11,171810;20;L;
E502;Hebeler Meer;1;1;52,721930;7,066497;17;;
E530;Stapelfeld;1;1;52,827620;8,002830;44;;
E531;Vechta;1;2;52,723889;8,172222;30;;
E532;Ahlhorner Heide;1;2;52,860000;8,216670;48;;
E533;Garthe;1;2;52,838400;8,218300;61;;
E537;Neuenkirchen;1;1;52,495000;8,076944;41;;
E540;Ridderade;1;1;52,763330;8,595100;50;;
E541;Rehden;1;1;52,611700;8,521160;50;;
E550;Meinkingsburg;1;1;52,582050;9,287170;56;;
E551;Geestefeld;1;1;52,873200;9,230220;14;;
E560;Armsen;1;1;52,921742;9,346831;30;A;
E561;Weyhausen CE;1;1;52,791400;10,383110;103;L;
E562;Altenwahlingen;1;1;52,797990;9,416470;20;L;
E563;Allerbruecke;2;1;52,687652;9,689048;28;A;
E570;Berkhof;1;1;52,612586;9,735817;36;A;
E572;AD Walsrode;1;1;52,779880;9,669910;37;A;
E602;Gildehaus;1;2;52,319500;7,057350;30;;
E603;Ems-Vechte-Kanal;1;1;52,453310;7,246260;37;;
E611;Thuine;1;1;52,499680;7,528219;55;;
E650;Anderten;1;2;52,359883;9,886862;63;A;
E654;Arensburg;1;1;52,220450;9,113730;125;A;
E655;Auetal;1;1;52,222530;9,222780;195;A;
E660;Winzlar;1;1;52,440710;9,250730;51;;
E661;Nienstaedt;1;1;52,298510;9,177650;102;L;
E668;Garbsen;1;2;52,416670;9,566670;47;A;
E669;Schulenburg;1;1;52,433214;9,669431;53;A;
E671;Otze;1;1;52,496730;10,002580;51;L;
E674;Hannover-Nord;1;1;52,533330;9,800000;51;A;
E676;Grossburgwedel;1;1;52,488550;9,839450;58;A;
E677;Arpke;1;1;52,368470;10,068930;62;A;
E678;Kaltenweide;1;2;52,483330;9,733330;50;A;
E680;Gifhorn;1;1;52,494540;10,556440;52;L;
E681;Grosser Kain;1;1;52,705490;10,477920;91;L;
E682;Roehrse;1;1;52,359330;10,166580;66;A;
E692;Weyhausen WOB;1;1;52,461340;10,736490;61;A;
E693;Fallersleben;1;1;52,426790;10,737950;69;A;
E694;Jerxheim Bhf.;1;1;52,062210;10,890470;84;L;
E700;Twist;1;1;52,661944;7,183056;17;;
E701;Geeste;1;1;52,627500;7,188333;19;;
E712;Hakenhof;1;1;52,268711;7,989761;81;;
E713;Osnabrueck;2;1;52,316670;7,966670;58;;
E714;Herrenrest;1;1;52,175180;8,065290;217;;
E715;Dissen;1;1;52,100420;8,196710;94;;
E719;Hankenberg/Talbruecke;1;1;52,166670;8,166670;135;;
E721;Osterkappeln;1;1;52,335310;8,201580;132;;
E723;Salzbergen;1;2;52,343056;7,341111;34;;
E726;Nemden;1;1;52,221944;8,187500;155;;
E730;Fischbeck;1;1;52,150280;9,282370;64;L;
E731;Reher;1;1;52,019700;9,221110;139;L;
E733;Pohle;1;1;52,270833;9,325556;146;A;
E734;Bernser Kirchweg;1;1;52,216067;9,166283;195;A;
E735;Hattendorf;1;1;52,233330;9,266670;219;A;
E736;Papenbrink;1;1;52,216670;9,050000;213;A;
E740;Holtensen;1;1;52,389600;9,478400;52;A;
E741;Herrenhausen;1;1;52,421133;9,627500;51;A;
E742;Lauenau;1;1;52,293889;9,363889;87;A;
E743;Kolenfeld;1;1;52,371583;9,448967;51;A;
E745;Caecilienhoehe;1;1;52,316670;9,466670;80;A;
E746;Dahle;1;1;52,196230;9,528110;131;L;
E747;Steinbergen;1;1;52,207860;9,104290;104;L;
E750;Vahrenheide;1;2;52,426967;9,756300;51;A;
E751;Lahe;1;1;52,424667;9,826333;5;A;
E752;Altwarmbuechen;1;1;52,416190;9,854300;56;A;
E753;Muellingen;1;1;52,295550;9,889917;68;A;
E757;AD Hannover-Sued;1;1;52,302360;9,881760;92;A;
E758;Marienhagen;1;1;52,029180;9,676800;229;L;
E759;Thiedenwiese;1;1;52,209540;9,745550;84;L;
E760;Burgdorf;1;1;52,446190;9,938500;60;A;
E761;Kirchhorst;1;2;52,420225;9,891944;61;A;
E763;Allerbeck;1;1;52,384817;10,009433;58;A;
E765;Haemelerwald;1;1;52,363367;10,119350;67;A;
E767;Peine;1;1;52,344133;10,214667;71;A;
E769;Braunschweig-Hafen;1;1;52,324444;10,474722;70;A;
E770;Hildesheimer Boerde;1;1;52,120356;10,052740;146;A;
E771;Westerlinde;1;1;52,120360;10,226190;104;A;
E772;Salzgitterdreieck;1;1;52,084070;10,185020;131;A;
E773;Messeberg;1;1;52,201380;10,161160;114;L;
E774;Edemissen;1;1;52,391350;10,261120;76;L;
E775;Schnedebruch;1;1;52,329450;9,951033;66;L;
E777;Watenstedt;1;1;52,153056;10,361030;96;A;
E780;BS-Gartenstadt;1;1;52,245600;10,508480;85;A;
E781;Duttenstedt;1;1;52,335120;10,298180;67;A;
E782;Zweidorfer Holz;1;1;52,339200;10,368180;75;A;
E783;Rothemuehle;1;1;52,331380;10,440720;65;A;
E784;AK Wolfsburg;1;1;52,312700;10,764233;110;A;
E785;Koenigslutter;1;1;52,316670;10,800000;54;A;
E786;Braunschweig-Ost;1;1;52,309722;10,630556;87;A;
E787;BS-Flughafen;1;1;52,313300;10,557200;87;A;
E791;Essehof;1;1;52,308317;10,690950;100;A;
E793;Mariental;1;1;52,247733;11,003267;153;A;
E794;Uhry;2;1;52,300533;10,860400;101;A;
E795;Helmstedt;1;1;52,223183;11,048167;183;A;
E796;Trendel;1;1;52,282567;10,914483;115;A;
E797;Barmke;1;1;52,269700;10,959183;117;A;
E803;Grohnde;1;1;51,999150;9,430550;73;L;
E820;Odfeld;1;1;51,912050;9,610740;258;L;
E830;Gerzen;1;1;51,959820;9,818130;164;L;
E831;Ihtkopf;1;1;51,961440;9,651590;363;L;
E832;Ronnenberg;1;1;52,309690;9,655390;86;L;
E834;Schlochau;1;1;51,715800;9,941050;149;A;
E836;Wetterschacht;1;1;51,804020;10,089580;185;A;
E842;Salzderhelden;1;1;51,804810;9,918340;117;L;
E850;Nette;1;1;52,045680;10,086360;209;L;
E852;Muenchehof;1;1;51,828350;10,191690;247;L;
E853;Bad Gandersheim;1;1;51,865680;10,036930;155;L;
E862;Langelsheim;1;1;51,947950;10,303390;237;L;
E872;Haverlah;2;1;52,048540;10,340650;168;L;
E873;Juliushuette;1;1;51,919470;10,402040;245;L;
E881;Schladen;1;1;52,038160;10,514600;123;A;
E882;Sonnenberg;1;1;51,768768;10,455863;800;L;
E885;Westerode;1;1;51,907760;10,553500;208;A;
E891;Torfhaus;1;1;51,800300;10,537510;800;L;
E910;Winnefeld;1;1;51,687700;9,457410;268;L;
E922;Ellierode;2;1;51,633870;9,793100;258;L;
E926;Leineholz;1;1;51,616670;9,916670;132;A;
E932;Waake;1;1;51,560540;10,035517;321;L;
E933;Osterode;1;1;51,727640;10,240130;216;L;
E951;Barbis;2;1;51,619642;10,431494;328;L;
E963;Werratalbruecke;2;1;51,416670;9,716670;176;A;
E971;Humboldtsblick;1;1;51,396560;9,669500;326;A;
E972;Mollenfelde;1;1;51,428580;9,845300;274;A;
E980;Reiffenhausen;1;2;51,398760;9,981020;298;;
E981;Ostenfelde(Rustenfelde);1;1;51,404667;10,005500;301;A;
F053;Pasewalk Sued;1;1;53,366670;13,966670;41;;
F057;Schmoelln;1;1;53,294986;14,127533;9;;
F122;Rapshagen;1;1;53,216670;12,216670;103;;
F136;Karstedtshof;1;1;53,100000;12,466670;62;;
F137;Wittstock;1;1;53,183330;12,450000;64;;
F233;Netzeband;1;1;52,966670;12,616670;49;;
F283;Joachimsthal;1;1;52,950000;13,816670;90;;
F340;Fehrbellin;1;1;52,803550;12,794140;43;;
F351;AD Oranienburg;1;1;52,704180;13,203380;37;;
F360;Finowfurt;2;1;52,850000;13,666670;32;;
F442;Havelkanal;2;1;52,585280;12,973610;31;;
F461;Ruedersdorf;2;1;52,466670;13,766670;68;;
F515;Grebs;1;1;52,316670;12,650000;59;;
F521;Havelbruecke;2;1;52,417452;12,914761;44;;
F527;Wollin;1;1;52,290633;12,460799;41;;
F528;Beelitz-Heilstaetten;1;1;52,283477;12,908422;80;;
F537;Fahlhorst;1;1;52,302220;13,193890;38;;
F538;Wildenbruch;1;1;52,300530;13,052003;52;;
F539;Michendorf;1;1;52,302294;12,989999;80;;
F547;Dahlewitzer Heide;1;1;52,306107;13,416568;47;;
F562;Spreeau;1;1;52,316670;13,760000;37;;
F572;Dehmseebruecke;2;1;52,340000;14,160000;38;;
F574;Rauener Berge;2;1;52,320779;14,010885;66;;
F592;Oderbruecke;2;2;52,316670;14,566670;29;;
F618;Flaeming;1;1;52,016670;12,600000;166;;
F622;Linther Busch;1;1;52,166670;12,816670;42;;
F650;Dahmebruecke;1;2;52,021329;13,686162;54;;
F758;Luebbenau;1;1;51,816670;13,966670;71;;
F843;Calau;2;1;51,716670;13,866670;124;;
F863;Haenchen;1;1;51,716670;14,266670;93;;
F884;Sergener Teiche;1;1;51,716670;14,483330;78;;
F894;Bademeusel;1;1;51,666670;14,716670;110;;
F945;Ruhland;2;1;51,466670;13,866670;98;;
H006;Rheine (Dek-Bruecke);2;1;52,316670;7,450000;53;;
H011;Rahden;1;1;52,506984;8,624773;39;;
H049;Heek (B70);2;1;52,100000;7,066670;56;;
H062;Mittellandkanal;2;1;52,266670;7,600000;40;;
H069;Dek-Bruecke Ladbergen;2;1;52,120300;7,708600;51;;
H073;AK Lotte;2;1;52,266670;7,916670;76;;
H075;Habichtswald TB;2;1;52,216670;7,866670;169;;
H083;Horst-Hoehe;1;1;52,286851;8,629004;197;;
H084;AS Roedinghausen;2;1;52,200000;8,416670;71;;
H088;Buende-Ost;1;1;52,183330;8,616670;90;;
H095;Weserflutbruecke;2;1;52,200000;8,850000;44;;
H097;Steinegge-Exter TB;2;1;52,143080;8,783350;135;;
H098;Kleinenbremen nrw/ns;1;1;52,220560;9,036660;157;;
H112;Gescher;1;1;52,004420;7,050890;70;;
H118;Ochtrup;1;1;52,205000;7,122780;51;;
H130;MS- Sued Ueberflieger;2;1;51,919560;7,560360;63;;
H160;Bad Oeynhausen;1;1;52,203396;8,841620;58;;
H161;Borgholzhausen;1;1;52,073880;8,251660;100;;
H162;Steinhagen;1;1;52,073880;8,251660;100;;
H172;Bielef. Berg West Tms;1;1;51,950000;8,583330;135;;
H173;Laemmershagen TB;2;1;51,979722;8,615556;175;;
H175;Ostwestfalen/Lippe;1;1;52,033330;8,650000;97;;
H177;Gohfeld;2;1;52,205000;8,750550;52;;
H179;Bielefelder Berg Tms;1;1;51,966670;8,700000;169;;
H180;Hahnenkamp;2;1;52,201880;8,825416;70;;
H201;Elten;1;2;51,866670;6,166670;51;;
H211;Rees;1;1;51,816900;6,441300;23;;
H219;Karthaus;1;1;51,880192;7,347090;70;;
H220;Borken;1;1;51,858140;7,006220;65;;
H228;Kaltenbach;1;1;51,766670;6,950000;58;;
H232;Darup ;1;1;51,932306;7,281613;150;;
H234;Duelmen;1;1;51,833330;7,233330;58;;
H236;AS Ascheberg;1;1;51,795106;7,633580;69;;
H241;Ascheberg;1;1;51,754100;7,692300;71;;
H242;Amelsbueren;2;1;51,878548;7,576286;59;;
H243;Muenster-Nord;1;1;51,992576;7,563956;77;;
H266;Guetersloh ;1;1;51,854598;8,324234;76;;
H267;Beckum;1;1;51,766670;8,050000;129;;
H272;AK Bielefeld;2;1;51,944722;8,548333;120;;
H273;Toppmannsbach;1;1;51,956600;8,503800;108;;
H274;Kohlstaedt;2;1;51,827527;8,875975;221;;
H275;Sennelager;1;1;51,757222;8,693056;110;;
H276;Schloss-Holte;1;1;51,871389;8,653333;123;;
H277;Stellbergbruecke;2;1;51,732828;8,997333;327;;
H292;Loewendorf;1;1;51,838728;9,275905;300;;
H302;Grenze/Goch;1;2;51,666670;6,083330;17;;
H308;Sonsbeck;2;1;51,600000;6,350000;23;;
H310;Hamminkeln;2;1;51,748300;6,590200;26;;
H317;Moers Nord;1;1;51,494170;6,628890;30;;
H318;RE-Ost;1;1;51,596060;7,252690;80;;
H319;OB-Neue-Mitte;1;1;51,497190;6,892030;42;;
H320;Hardenbergbruecke;2;1;51,441310;6,923970;78;;
H321;Velbert;1;1;51,363330;7,068890;186;;
H322;Helbingbruecke;2;1;51,449780;7,017560;80;;
H325;Dorsten / Lippebr.;2;1;51,666670;6,916670;28;;
H326;Huenxe;2;1;51,616670;6,716670;44;;
H327;Parwicker Bach;2;1;51,566670;7,033330;58;;
H328;Marl;1;1;51,633330;7,016670;40;;
H329;Bottrop AK;2;1;51,583330;6,916670;46;;
H331;Haltern;2;1;51,700000;7,150000;41;;
H332;Riemke;2;1;51,700000;7,200000;96;;
H334;Herne;2;1;51,558920;7,251110;48;;
H337;Recklinghausen-Herten;1;1;51,616670;7,166670;88;;
H338;Recklinghausen;2;1;51,600000;7,166670;78;;
H341;Kamener Kreuz;2;1;51,600930;7,687380;69;;
H345;Werne (Lippebr.);1;1;51,666670;7,683330;60;;
H347;Mengede Dek-Bruecke;2;1;51,583330;7,416670;91;;
H351;Werl;1;1;51,542760;7,920860;113;;
H352;Liedbachtalbruecke;2;1;51,516670;7,650000;131;;
H353;Letmathe;1;1;51,372360;7,611610;181;;
H370;Lipper Bruch;1;1;51,711390;8,355000;76;;
H371;Erwitte;2;1;51,606160;8,340340;113;;
H379;Lohme-Alme TB;2;1;51,616670;8,716670;282;;
H383;Bad Driburg;1;1;51,732215;9,007105;325;;
H406;Uentrop;1;1;51,690810;7,980470;68;;
H409;Wachtendonk;2;1;51,416670;6,366670;29;;
H413;AK Duisburg;2;1;51,446310;6,778670;36;;
H415;Kaiserberg;2;1;51,440440;6,805690;31;;
H417;Kyll;2;1;50,360830;6,510560;468;;
H418;Niepkanal-Bruecke;2;1;51,416670;6,516670;28;;
H421;Baerl;2;1;51,480860;6,680278;41;;
H422;AK Oberhausen;2;1;51,516670;6,816670;32;;
H423;Altenessen/Emscher;2;1;51,507200;6,966598;41;;
H426;Essen-Ost ;1;1;51,456000;7,045140;63;;
H427;Muelheim-Heissen ;1;1;51,436351;6,942932;117;;
H428;Neuenkamp;2;1;51,436990;6,712470;41;;
H431;Hochlarmark;2;1;51,550000;7,200000;55;;
H433;Stahlhausen;1;1;51,475027;7,148920;104;;
H434;Bochum ;2;1;51,500000;7,266670;141;;
H435;Gelsenkirchen;2;1;51,466670;7,083330;93;;
H436;Schalke;2;1;51,531500;7,079560;48;;
H437;Muensterstrasse;2;1;51,547220;7,105280;40;;
H438;Witten-Annen;1;1;51,466670;7,366670;162;;
H439;Martenerbruecke;2;1;51,516670;7,366670;91;;
H440;Bodelschwingh;2;1;51,550000;7,350000;123;;
H441; Dortmund Nordost;2;1;51,578283;7,493808;68;;
H442;Wambeln;2;1;51,533840;7,518514;75;;
H445;Schnettkerbruecke;2;1;51,500000;7,416670;97;;
H446;Unna-West/AK A44-A1;2;1;51,516670;7,666670;141;;
H447;Romberg Holz TB;2;1;51,433330;7,466670;244;;
H448;Lichtendorf;1;1;51,416670;7,600000;174;;
H449;Siddinghauser Weg;1;2;51,516670;7,766670;194;;
H451;Rhynern;1;1;51,616670;7,866670;87;;
H452;Wittbraeucker Strasse;1;1;51,426110;7,464170;221;;
H453;AK Hagen;2;1;51,316670;7,500000;310;;
H454;Luener Bach TB;2;1;51,516670;7,750000;157;;
H455;Kuschert;1;1;51,295278;7,846667;332;;
H456;Ostoenner Bach TB;2;1;51,536523;7,988963;121;;
H458;Blumenthaler Graben;1;2;51,516670;7,916670;211;;
H459;Neheim (Moehne);2;1;51,450000;7,950000;163;;
H461;Haarweg;1;1;51,503330;8,201390;294;;
H462;Deitmecke;2;1;51,383280;8,134940;260;;
H463;Belecke;1;1;51,494132;8,337665;296;;
H464;Stimm Stamm;1;1;51,389150;8,302910;537;;
H465;TB Rumbecke;2;1;51,393600;8,103300;221;;
H467;Bermecke;2;1;51,367747;8,443839;361;;
H469;Nuttlar;2;1;51,379697;8,426023;364;;
H470;Westerschledde TB;2;1;51,583330;8,450000;210;;
H472;Oerlinghausen;1;1;51,959314;8,654129;206;;
H480;Grundsteinheim;2;1;51,652357;8,864776;237;;
H481;Kleinenberg;1;1;51,597430;8,946730;323;;
H483;Ottensgrund TB;2;1;51,550000;8,750000;325;;
H484;Apfelbaumgrund TB;2;1;51,533330;8,866670;413;;
H485;Scherfede;1;1;51,572850;9,000640;379;;
H488;Diemelstadt;2;1;51,483330;8,983330;326;;
H500;AK Breitscheid;2;1;51,350800;6,859100;76;;
H507;Boisheim;1;1;51,266670;6,316670;60;;
H508;Moenchengladbach-West;1;1;51,216670;6,500000;36;;
H520;Fichtenhain;1;1;51,287300;6,556700;45;;
H521;Rhein-Herne-Kanal;2;1;51,476560;6,815110;31;;
H523;Schoenwasserpark-Bruecke;2;1;51,316670;6,616670;36;;
H524;GE-B 223;2;1;51,541920;6,891580;76;;
H526;Neersen;1;1;51,216670;6,500000;36;;
H529;Straelen;1;1;51,381400;6,221900;36;;
H530;Grunewald Bruecke;2;1;51,366670;6,750000;34;;
H531;Stockweg;1;1;51,350000;6,816670;43;;
H532;Mintarder Bruecke;2;1;51,366670;6,900000;73;;
H534;Wuelfrath;1;1;51,300830;7,065830;256;;
H535;Wuppertalbruecke;2;1;51,258300;7,232500;182;;
H538;ueF A44/A52;2;1;51,266670;6,800000;38;;
H544;Paradies TB;2;1;51,316670;7,266670;281;;
H545;Oberbarmen;1;1;51,310882;7,252156;321;;
H546;Elberfeld;1;1;51,270264;7,151772;188;;
H549;TB Rutenbeck;2;1;51,230000;7,098000;150;;
H551;Volmarstein TB;2;1;51,366670;7,400000;128;;
H552;Ruhrbruecke;2;1;51,416670;7,550000;111;;
H553;Brunsbecke TB;2;1;51,316670;7,566670;288;;
H554;Nahmer;1;1;51,316670;7,550000;360;;
H555;Suerenhagen TB;2;1;51,300000;7,583330;232;;
H556;Roelveder Muehle;1;1;51,266670;7,600000;404;;
H557;Dahl;1;1;51,250000;7,600000;391;;
H558;Eichelnbleck TB;2;1;51,300000;7,552780;292;;
H559;Rahmede TB;2;1;51,250830;7,618890;330;;
H560;Iserlohn-West;2;1;51,366670;7,666670;173;;
H562;Bruegge;1;1;51,220832;7,566555;258;;
H563;Schaelk;1;1;51,380330;7,591800;253;;
H570;Lehnscheid;1;1;51,241387;7,972164;507;;
H571;Wannebach TB;2;1;51,416670;8,050000;178;;
H574;Schwartmecke;1;1;51,192060;8,141340;470;;
H580;Fulmecke TB;2;1;51,350000;8,266670;254;;
H582;Graenscheid;1;1;51,360920;8,276690;313;;
H583;Echterberg;1;1;51,383810;8,140000;306;;
H592;Kuestelberg;1;1;51,213563;8,633781;551;;
H597;Heringhausen;1;1;51,357852;8,749379;485;;
H601;Dremmen;2;1;51,047900;6,172200;46;;
H605;Guedderath;2;2;51,116670;6,416670;72;;
H611;Waldniel;1;1;51,200000;6,266670;89;;
H620;Jackerath;2;1;51,036500;6,460300;112;;
H623;Fleher Bruecke;2;1;51,186260;6,775290;60;;
H624;Neuss - Holzheim;1;1;51,163900;6,646900;52;;
H625;Homert;1;1;51,172333;7,651340;502;;
H630;Schwarzbachtal;1;1;51,287000;6,873000;71;;
H631;Flughafenbruecke;2;1;51,278100;6,704800;48;;
H632;Stockum;1;1;51,271600;6,756300;30;;
H633;Hilden;1;1;51,200000;7,000000;163;;
H636;Langenfeld AK;1;1;51,116670;6,966670;53;;
H637;Richrath;1;1;51,116670;6,916670;48;;
H638;Dormagen;1;1;51,100000;6,800000;42;;
H640;Haan-Ost;1;1;51,216670;7,016670;165;;
H643;Blume;1;1;51,200000;7,250000;328;;
H644;Wermelskirchen;1;1;51,133890;7,201110;292;;
H645;Muengstener Bruecke;2;1;51,165910;7,136570;127;;
H649;Niedernfeld;1;1;51,198510;7,307440;294;;
H650;Vogelshaus;1;1;51,216570;7,388860;392;;
H651;Wipperbruecke;2;1;51,105830;7,488490;297;;
H652;Halver;1;1;51,192710;7,470760;368;;
H653;Marienheide;1;1;51,099570;7,509750;321;;
H659;Meinerzhagen;1;1;51,064000;7,711000;466;;
H660;Bremecke TB;2;1;51,216670;7,666670;415;;
H663;Sichter TB;2;1;51,130661;7,669656;521;;
H682;Fredeburg;1;1;51,185271;8,307981;427;;
H691;Albrechtsplatz;1;1;51,135511;8,423375;721;;
H702;Aldenhoven;1;1;50,897400;6,273700;119;;
H715;Rurbruecke Juelich;2;1;50,950000;6,350000;105;;
H720;Buir;1;1;50,863900;6,575700;106;;
H722;Juechen;1;1;51,101100;6,538600;71;;
H726;Bergheim;1;1;50,916670;6,616670;70;;
H729;Kerpen AK;1;1;50,895445;6,697913;73;;
H730;Rodenkirchen;2;1;50,883330;6,966670;65;;
H731;Neandertalbruecke;2;1;51,225700;6,916600;74;;
H732;Worringen;1;1;51,016670;6,816670;44;;
H733;Koeln-Niehl AS;1;1;51,016670;6,916670;48;;
H735;Koeln-Ost AK;2;1;50,950000;7,016670;43;;
H737;Frechen;1;1;50,928568;6,774468;124;;
H741;RB Lev;2;1;51,016670;6,966670;37;;
H742;Leverkusen AK;1;1;51,033330;7,016670;52;;
H743;Siefen;1;1;51,013630;7,166640;219;;
H746;Moitzfeld ;1;1;50,955600;7,173440;158;;
H747;Gremberg A559;1;1;50,919600;7,024430;59;;
H748;Koenigsforst AS;1;1;50,916670;7,116670;99;;
H750;Laudenberg;1;1;51,077450;7,278582;266;;
H751;Rott;1;1;50,953470;7,309840;102;;
H752;Merzbrueck;1;1;50,846500;6,195800;177;;
H754;Engelskirchen;1;1;50,966670;7,400000;290;;
H757;Burscheid;1;1;51,085100;7,132200;215;;
H760;Oberagger;1;1;50,990560;7,643890;228;;
H761;Spurkenbach;1;1;50,862500;7,608060;334;;
H762;Achenbach;1;1;50,869444;7,966110;416;;
H765;Wiehltalbruecke;2;1;50,966670;7,466670;295;;
H769;Heumar;1;1;50,916670;7,066670;49;;
H770;BlecheTB;2;1;51,050000;7,733330;444;;
H771;Drolshagen;1;1;51,033330;7,800000;361;;
H772;Wenkhausen;1;1;51,023970;7,788660;334;;
H773;Aggertalbrueke;2;1;50,986110;7,548060;172;;
H774;Reichshof;1;1;50,983330;7,750000;425;;
H775;Eckenhagen;1;1;50,966670;7,716670;395;;
H776;Ottfingen TB;2;1;50,950000;7,900000;393;;
H778;Elben;2;1;50,994700;7,892220;400;;
H780;Krombach;1;1;50,990800;7,927250;471;;
H781;Geisweid;2;1;50,904290;8,015880;253;;
H782;Luetzel;1;1;50,970380;8,182030;566;;
H783;Welschen-Ennest;1;1;51,035560;7,997220;449;;
H785;Bockenbach;2;1;50,973300;7,940830;412;;
H787;Lindenhuette;2;1;50,967820;7,951830;392;;
H788;Holenstein;2;1;50,970300;7,974720;303;;
H790;Testfeld BASt SWS 1;1;1;50,950100;7,142000;97;;
H792;Testfeld BASt SWS 2;1;1;50,950100;7,142000;97;;
H796;Testfeld BASt SWS 3;1;1;50,950100;7,142000;97;;
H797;Testfeld BASt SWS 4;1;1;50,950100;7,142000;97;;
H798;Testfeld BASt SWS 5;1;1;50,950100;7,142000;97;;
H800;Grenze Vetschau;1;1;50,816670;6,016670;175;;
H804;Aachen R+T;1;1;50,816670;6,216670;215;;
H806;Lichtenbusch;1;1;50,716670;6,116670;277;;
H810;Aachen AK;2;1;50,804263;6,166839;186;;
H821;Rurbruecke Dueren;1;1;50,816670;6,416670;121;;
H824;TB Zingsheim;2;1;50,518009;6,664982;465;;
H825;Merzenich;1;1;50,846200;6,518900;128;;
H834;Ville R+T;1;1;50,866670;6,816670;121;;
H837;Bliesheim DZ L33;1;1;50,766670;6,816670;114;;
H844;Bruehl;1;1;50,783330;6,866670;165;;
H850;Logebachtalbruecke;2;1;50,676200;7,291500;204;;
H851;Elsdorf;1;1;50,893000;6,646200;88;;
H852;BB Muelheim;1;1;50,989900;7,012800;41;;
H854;Seelscheid;1;1;50,886560;7,358300;174;;
H858;Bonn-Ost;1;1;50,716670;7,166670;62;;
H864;Hennef;1;1;50,770800;7,308600;91;;
H870;Berkenroth;1;1;50,859710;7,539960;201;;
H871;Bruechermuehle;2;1;50,922260;7,647740;266;;
H880;Gerlingen TB;2;1;50,981014;7,839933;343;;
H881;Schloss Roettgen R+T;1;1;50,883330;7,066670;49;;
H882;Siegtalbruecke;2;1;50,850000;7,966670;326;;
H885;Kalteiche;1;1;50,766670;8,133330;506;;
H886;Am Wildenstein;1;1;50,766670;8,150000;456;;
H887;F.E. Bruecke;2;1;50,766670;7,083330;78;;
H890;Lipper Hoehe;1;1;50,705400;8,067840;617;;
H891;Struth;1;1;50,721710;8,083837;583;;
H925;Wallenthal;1;1;50,556670;6,569440;417;;
H933;Wisskirchen;1;1;50,616670;6,716670;241;;
H949;Meckenheim AK;1;1;50,566670;7,016670;310;;
H969;Bad Honnef AS;1;1;50,633330;7,316670;304;;
H972;Hellenthal;1;1;50,408324;6,369707;694;;
H991;Nettersheim;1;1;50,516670;6,666670;508;;
H993;Blankenheim;1;1;50,466670;6,700000;549;;
J700;Perl;1;1;49,475000;6,432780;415;;
J701;Potsdamer Platz;1;1;49,518060;6,446110;405;;
J708;Wellingen;1;1;49,450000;6,516670;382;;
J710;Hardt;1;1;49,488842;6,605794;257;;
J711;Haargarten;1;1;49,463853;6,706609;328;;
J712;Michelbach;1;1;49,473736;6,834488;316;;
J713;Weiskirchen Wildgehege;1;1;49,561949;6,786212;504;;
J722;Soetern;1;1;49,600000;7,016670;447;;
J725;Mettnich (S);1;1;49,516670;7,000000;363;;
J726;Talbruecke Mettnich;2;1;49,516670;7,000000;363;;
J730;Freisen;1;1;49,540716;7,265784;435;;
J734;Ottweiler / Wehr;1;1;49,416271;7,159644;265;;
J735;Tholey Sotzweiler;1;1;49,471448;7,013215;349;;
J737;Bierfeld;1;1;49,604617;6,955786;414;;
J800;Fremersdorf;1;1;49,408330;6,647500;176;;
J804;Saarbruecken Fechingen;1;1;49,208603;7,060038;260;;
J810;Saarbruecken Schoenbach;2;2;49,211434;7,022081;204;;
J816;Schwarzenholz;1;1;49,341670;6,800000;230;;
J817;Saarbruecken St. Amual;1;1;49,221541;7,014189;188;;
J818;Saarbruecken Gersweiler;1;1;49,233300;6,955373;188;;
J820;Schiffweiler;1;1;49,373370;7,146905;336;;
J824;Riegelsberg;1;1;49,287220;6,956110;337;;
J825;AK Saarbruecken;1;1;49,350000;7,016670;383;;
J826;Saarbruecken Klarenthal;1;1;49,240878;6,924771;194;;
J829;Huehnerfeld;1;1;49,300000;7,033330;314;;
J831;Muenchwies;1;1;49,388610;7,255560;427;;
J837;Spiesen;1;1;49,316670;7,166670;314;;
J847;Waldmohr;1;1;49,366670;7,316670;269;;
J898;Voelklingen Ost;1;1;49,250535;6,873854;188;;
J899;Voelklingen ;1;1;49,250786;6,880915;183;;
J907;Goldene Bremm;1;1;49,216670;6,983330;219;;
J909;Grumbacher Berg;1;1;49,231810;7,081280;339;;
J910;Einoed;1;1;49,268706;7,309779;222;;
J912;Linsler Hof;1;1;49,248673;6,756231;195;;
J913;Felsberg;1;1;49,296184;6,683067;345;;
J914;Biesingen;1;1;49,220466;7,224228;332;;
J915;Habkirchen;1;1;49,133406;7,163008;307;;
J916;Ensheim;1;1;49,240002;7,127903;377;;
K030;Vettelhoven;1;1;50,581542;7,061613;211;;
K031;Karweiler;2;1;50,570259;7,119082;158;;
K050;Linkenbach;1;1;50,559028;7,546151;386;;
K051;Hambitz;1;2;50,637324;7,357385;300;;
K123;Kreuzberg;2;1;50,511872;6,981707;185;;
K130;Sinzig;2;2;50,528120;7,186310;198;;
K135;Vinxtbachtalbruecke;2;2;50,489270;7,219880;204;;
K138;Wehr;1;1;50,410294;7,237003;365;;
K140;Krahnenbergbruecke;2;1;50,441542;7,392408;98;;
K161;Bendorf;1;1;50,414000;7,582760;86;;
K163;Dernbacher Dreieck;2;1;50,459261;7,764225;319;;
K164;Kannenbaeckerland;1;1;50,451450;7,724080;388;;
K180;Nentershausen;1;1;50,423860;7,927950;304;;
K213;Stadtkyll;1;1;50,332694;6,515105;595;;
K241;Jammelshofen;1;1;50,386371;7,034633;602;;
K263;Luetzelbachtal;2;1;50,364040;7,473690;199;;
K265;Ochtendung;1;1;50,329490;7,409080;314;;
K266;Moseltalbruecke;2;1;50,312580;7,490510;88;;
K271;Neuhaeusel;2;1;50,389970;7,706034;312;;
K275;A5 Koblenz Nord;1;1;50,391670;7,547410;71;;
K276;Ehrbachtalbruecke;2;1;50,240433;7,802310;220;L;
K301;Eigelscheid;1;1;50,209110;6,243930;485;;
K304;Pruemtalbruecke;2;1;50,187440;6,385770;447;;
K309;Feuerscheid;1;1;50,104314;6,442167;490;;
K323;Kelberg;1;1;50,267892;6,825942;588;;
K324;Dockweiler;1;1;50,248765;6,795589;582;;
K335;Darscheid;1;1;50,207460;6,881340;487;;
K337;Manderscheid;1;1;50,107010;6,858450;463;A;
K341;Laubach;1;1;50,237780;7,069710;565;;
K365;Waldesch;1;2;50,248150;7,516390;409;A;
K411;Herforst;1;1;49,946054;6,691609;312;;
K424;Steinborn;1;1;50,073815;6,634057;512;;
K425;Kylltalbruecke;2;1;50,020008;6,574011;271;;
K437;Bergweiler;2;1;49,974600;6,826930;292;;
K438;Spangdahlem;1;1;50,004960;6,726092;369;;
K439;Oberpierscheid;1;1;50,058501;6,371454;551;;
K441;Daleiden/ Dasburg;1;1;50,046069;6,146874;389;;
K443;Liesertalbruecke;2;1;50,227778;6,851667;423;;
K445;Flussbach;1;1;50,022670;6,937910;337;A;
K447;AK Wittlich ;1;2;49,946310;6,882340;207;;
K480;Laudert;1;1;50,095053;7,603458;529;;
K489;Tiefenbachtalbruecke;2;1;49,975100;7,733000;427;;
K502;Irrel/Zweikreuz;1;1;49,830476;6,448258;245;;
K512;Hinzerath;1;1;49,854423;7,164360;570;;
K513;Ehrang;2;1;49,800920;6,702610;139;;
K514;Bekond;1;2;49,853528;6,796447;203;;
K518;Mehring;1;2;49,784660;6,818790;359;;
K524;Hochmosel West;2;1;49,968423;7,000976;270;;
K525;Hochmosel Ost;2;1;49,966824;7,008448;270;;
K551;Argenthal;1;1;49,978132;7,606356;484;;
K561;Nahetaldreieck;1;1;49,930490;7,933040;108;;
K572;AD Mainz;1;1;50,001136;8,165740;184;;
K583;Klein-Winternheim;1;1;49,946980;8,215780;206;;
K585;Rheinbruecke Weisenau;2;1;49,975430;8,323740;92;;
K587;Biebelnheim;1;1;49,794239;8,140722;164;;
K600;Sauertalbruecke;2;1;49,734560;6,509690;205;;
K602;Trierweiler;1;1;49,756910;6,572870;367;A;
K604;Vierherrenborn;1;1;49,599055;6,648623;485;;
K613;Ruwer;1;1;49,783058;6,704820;129;;
K622;Hinzert/Beuren;1;2;49,719160;6,891840;564;;
K671;Dautenheim;2;1;49,732260;8,137910;197;;
K677;Freimersheim;1;1;49,713190;8,070640;292;;
K720;Loesterbachbruecke;2;1;49,623760;6,932470;475;;
K732;Hahnweiler;1;1;49,575770;7,233900;536;;
K749;Hueffler;1;1;49,498094;7,396050;345;;
K765;Eselsbachtalbruecke;2;1;49,462040;7,812070;258;;
K768;Schorlenberg;1;2;49,481900;7,939030;415;;
K775;Pulvermuehle;1;1;49,541610;7,855510;267;;
K787;Leininger Berg;1;2;49,542961;8,128081;305;;
K791;Wiesoppenheim;1;1;49,603870;8,288590;118;;
K792;AK Frankenthal ;1;1;49,553170;8,314000;101;;
K793;Rheinbruecke Frankenthal;2;1;49,547467;8,413056;104;;
K851;Pirmasens;1;1;49,215000;7,655489;299;;
K852;Bann;1;1;49,393190;7,596030;436;;
K860;Waschmuehltal;1;1;49,456830;7,759090;284;;
K865;Johanniskreuz;1;1;49,336006;7,825894;470;;
K887;Neustadt/Weinstrasse;2;1;49,363146;8,197893;129;;
K888;Spitzenrheinhof;1;1;49,350988;8,457150;98;;
K889;Ellerstadt;1;1;49,472729;8,259240;105;;
K895;AD Ludwigshafen;1;1;49,453572;8,363511;95;;
K921;Contwig;1;1;49,229108;7,429260;342;;
K951;Dammheim;1;1;49,220225;8,143192;145;;
K997;Rheinbruecke Woerth;2;1;49,037332;8,298838;110;;
L027;Schoeneberger Kopf;1;1;51,525365;9,416184;202;;
L051;Am Quast;1;1;51,483330;9,050000;241;;
L102;Willingen;1;1;51,279401;8,636359;614;;
L135;Freienhagen;1;1;51,269178;9,050822;456;;
L142;Hoofer Berg;1;1;51,290032;9,358921;368;;
L158;Berghaeuser Bruecke;2;1;51,259528;9,493353;190;;
L159;Heli Ost;1;1;51,199520;9,749420;400;;
L160;Lutterberg;1;1;51,366670;9,633330;370;A;
L161;Walburg;1;1;51,200000;9,750000;400;;
L172;Pfaffenberg;1;1;51,259722;9,758758;452;;
L183;Hoher Meissner;1;1;51,208610;9,855560;716;;
L220;Loehlbach;1;1;51,068110;8,967030;492;;
L225;Hessensteinkurve;1;1;51,116564;8,876181;265;;
L242;Scharfenstein;1;1;51,190696;9,394008;249;;
L246;Kuhberg;1;1;51,062500;9,237220;193;;
L250;Kälbachtalbrücke;2;1;50,877222;9,124722;245;A;
L252;Melsungen;1;1;51,133330;9,466670;316;;
L258;Sommerberg;1;1;51,099440;9,544720;220;;
L272;Cornberger Hoehe;1;1;51,028161;9,847958;347;;
L284;Eschwege (gsm);1;1;51,166670;10,016670;202;;
L294;Unhaeuser Hoehe;1;1;51,019170;10,053610;346;;
L311;Kupferschmiede;1;1;50,839781;8,771453;196;;
L342;Winterscheid;1;1;50,933472;9,036083;390;;
L343;Gleentalbrücke;2;1;50,787500;9,022222;240;A;
L366;Pommer;1;1;50,933330;9,533330;412;;
L388;Friedewald;1;1;50,900000;9,866670;441;;
L389;Heisterberg;1;2;50,648072;8,152383;590;;
L390;Talbrücke Langenschwarz;2;1;50,729167;9,646667;335;A;
L414;Haigerbruecke;2;1;50,750000;8,200000;312;;
L421;Zollbuche;1;1;50,734747;8,513581;405;;
L435;Bellnhausen;1;1;50,658567;8,721639;199;;
L460;Mueser Berg;1;1;50,595928;9,521569;314;;
L465;Eifa;1;1;50,961644;8,579100;443;;
L474;Rimberg;1;1;50,789720;9,466390;477;;
L502;Langendernbach;1;1;50,549170;8,060280;350;;
L522;Blasbachbruecke;2;1;50,594670;8,500000;194;;
L531;AS Licher Strasse;1;1;50,578330;8,710000;184;;
L533;Lich;1;1;50,523060;8,831940;172;;
L536;Reiskirchen;1;1;50,600000;8,816670;241;;
L538;Talbruecke Langgoens;2;1;50,497220;8,683330;219;;
L542;Homberg/Ohm;1;1;50,643203;8,988660;310;;
L570;Hartmannshain;1;1;50,475600;9,283147;578;;
L594;Grabenhoefchen;1;1;50,521390;9,905560;692;;
L601;Elzer Berg;1;1;50,412780;7,966670;295;;
L606;Lahntalbruecke;2;1;50,383330;8,066670;135;;
L632;Pwc Stauferburg;1;1;50,440830;8,796940;220;;
L637;Wetterau;1;1;50,355000;8,693300;251;;
L648;Altenstadt;1;1;50,316670;8,933330;161;;
L675;Distelrasen;1;1;50,383034;9,525701;380;;
L677;Steinaubachtalbruecke;2;1;50,326940;9,466670;193;;
L684;Thalaubachbruecke;2;1;50,443742;9,742206;353;;
L687;Forsthausbruecke;2;1;50,381180;9,734448;471;;
L690;Schwedenschanze;1;1;50,421975;9,936608;730;;
L702;Schlaeferskopf;1;1;50,123890;8,167500;424;;
L716;Idstein;1;1;50,216670;8,250000;358;;
L733;Saalburg;1;1;50,270306;8,568736;420;;
L734;Billtalhoehe;1;1;50,196670;8,446390;498;;
L776;Aufenauer Berg;1;1;50,250000;9,316670;161;;
L783;Floersbacher Hoehe;1;1;50,135603;9,404169;444;;
L788;Oberreifenberg - Rotes Kreuz L3024;1;1;50,225555;8,436889;692;L;
L807;Wambach;1;1;50,118840;8,081239;480;;
L811;Platte;1;1;50,133330;8,216670;501;;
L817;Salzbachtalbruecke;2;1;50,051940;8,254170;93;;
L818;Schiersteiner Bruecke;2;1;50,038333;8,212222;75;;
L823;AS Niedernhausen;1;1;50,146111;8,325278;316;A;
L827;Hochheimer Bruecke;2;1;50,000000;8,350000;79;;
L830;Flughafen Frankfurt WS;2;1;50,008200;8,523600;93;F;
L831;Frankfurter Kreuz;1;1;50,051150;8,601960;107;;
L832;Westhafen;2;1;50,087580;8,617624;103;;
L833;Flughafen Frankfurt CW;2;1;50,032561;8,543148;95;F;
L834;Sindlinger Mainbruecke;2;1;50,075382;8,522841;94;;
L835;Flughafen Frankfurt CO;2;1;50,043830;8,576770;104;F;
L836;Moenchhofdreieck;1;1;50,028249;8,498350;93;;
L837;Flughafen Frankfurt WN;2;1;50,030350;8,525600;95;F;
L839;AS Frankfurt-Seckbach;1;1;50,150000;8,700000;164;;
L840;Opelrondell;2;1;50,116670;8,616670;118;;
L846;Flughafen Frankfurt SW;2;1;50,030340;8,544500;96;F;
L847;Flughafen Frankfurt NW;2;1;50,038760;8,504191;91;F;
L848;Flughafen Frankfurt NM;2;1;50,041312;8,514807;95;F;
L849;Flughafen Frankfurt NO;2;1;50,044129;8,526614;99;F;
L852;Mainbruecke Steinheim;1;1;50,108330;8,923060;109;;
L857;Waldschneise;1;1;50,033900;8,937200;124;;
L879;Darmstaedter Kreuz;2;1;49,855064;8,597725;107;;
L881;Talbruecke Langen;2;1;49,987838;8,692840;169;;
L890;Rondell;1;1;49,818951;8,973086;287;;
L911;Stockstadt;1;1;49,800560;8,484720;89;;
L917;Gernsheim;1;1;49,743330;8,543610;96;;
L921;Schoene Aussicht;1;1;49,701670;8,757500;435;;
L932;Kainsbach;1;1;49,714617;8,918725;385;;
L962;Heppenheim (Landesgrenze);1;1;49,616262;8,624701;97;;
L985;Beerfelden;1;1;49,565972;8,985081;411;;
M050;Talbr. Bebertal;2;1;51,392975;10,100341;268;;
M070;Rodebachtalbruecke;2;2;51,460637;10,686350;251;;
M071;Talbruecke Rhintal;2;1;51,410751;10,467071;273;;
M072;Bleicherode;1;2;51,432131;10,598703;243;;
M080;Heringen;1;2;51,476057;10,879093;168;;
M110;Etzelsbachtalbruecke;2;1;51,400020;10,242750;344;;
M111;Steinbachtalbruecke;2;1;51,403889;10,212020;298;;
M130;Roestebachtalbruecke;2;2;51,398647;10,384151;290;;
M165;Leinefelde;1;2;51,397531;10,305474;392;;
M341;Gispersleben;1;2;51,025675;10,976798;178;;
M350;Erfurt Nord;1;1;51,039296;11,064748;176;;
M359;Soemmerda;1;1;51,127920;11,164778;214;;
M403;Werrabruecke;2;1;51,009551;10,234846;257;;
M417;Talbruecke Nessetal;2;1;50,978904;10,483897;255;;
M436;Schmira;1;2;50,938700;10,954740;280;;
M440;Weimar;1;1;50,943576;11,299385;360;;
M472;Eisenberg;1;2;50,989028;11,908421;330;;
M521;Hoerselgau;1;2;50,913911;10,583868;308;;
M524;Boxberg;1;1;50,907654;10,660416;351;;
M530;Kreuz Erfurt;1;1;50,893976;10,951824;257;;
M531;Muehlberg;1;2;50,878422;10,805738;301;;
M542;Erfurt Ost (Haarberg);1;1;50,925281;11,136580;415;;
M559;Saalebruecke Jena;2;1;50,877171;11,603955;158;;
M560;Bad Klosterlausnitz;1;1;50,924667;11,838986;297;;
M563;Stadtilm;1;1;50,747775;10,997870;441;;
M570;Talbruecke Podelsatz;2;1;50,875359;11,702773;202;;
M571;Oberndorf;1;1;50,893252;11,901211;328;;
M575;Geraer Berg;1;1;50,906321;12,035858;239;;
M580;Talbruecke Sprottetal;2;1;50,869057;12,262507;246;;
M633;Wilde Gera;2;1;50,714997;10,787456;495;;
M645;Reichenbachtalbruecke;2;1;50,720107;10,867074;438;;
M648;Behringen Tunnel;1;2;50,781708;11,005020;363;;
M679;Teufelstal (Raststaette Stadtroda);1;1;50,876643;11,807607;341;;
M682;Tautendorf;2;1;50,826896;11,880579;317;;
M722;Zahme Gera;2;1;50,725622;10,854157;408;;
M723;Graefenroda;1;1;50,717553;10,817129;524;;
M724;Talbr. Wallersbach;1;1;50,574599;10,725365;540;;
M725;Suhl;1;1;50,648028;10,691167;564;;
M726;Albrechtsgraben;2;1;50,609380;10,636104;402;;
M730;Dolmar;1;2;50,599406;10,531616;409;;
M731;Haseltalbruecke;2;1;50,603211;10,644231;392;;
M733;Schleusetalbruecke;2;1;50,489989;10,809026;406;;
M734;Wiedersbachtalbruecke;1;1;50,474543;10,823867;466;;
M736;Bruenntalbruecke;2;1;50,457103;10,855348;431;;
M774;Mossbach;1;2;50,683474;11,831192;426;;
M820;Talbruecke St. Kilian;2;1;50,520932;10,758024;395;;
M821;Dreieck Suhl;1;1;50,616447;10,657656;497;;
M822;Talbruecke Juechsen;2;1;50,507629;10,446241;327;;
M830;Oberhof;1;1;50,665856;10,689249;593;;
M831;Talbr. Werratal;1;1;50,418933;10,891609;436;;
M888;Schleiz;1;1;50,550345;11,792603;513;;
N060;Arendsee;1;1;52,876049;11,505250;26;;
N160;Klein Schwechten;1;1;52,708671;11,785356;43;;
N210;Mellin/Neumuehle;1;1;52,670000;11,008690;46;;
N390;Dunkelforth;1;1;52,411782;12,225925;38;;
N397;Ziesar;2;1;52,248894;12,258454;66;;
N422;Morsleben;1;1;52,210096;11,107963;151;;
N443;Irxleben;1;1;52,184062;11,452319;123;;
N450;AS-Schoenebeck;1;2;52,002035;11,660078;74;;
N452;Hohenwarthe;2;1;52,222060;11,715127;52;;
N453;Burg;1;1;52,227094;11,753793;64;;
N501;Brockenblick;1;1;51,919489;10,660721;201;;
N567;Vockerode-Elbebruecke;2;1;51,857457;12,346667;62;;
N568;Bahnhofsbrücke;2;1;51,840847;12,236189;62;;
N569;Muldebrücke;2;1;51,833596;12,251734;61;;
N570;Koepnick;1;1;51,931595;12,710232;139;;
N571;Cobbelsdorf;1;1;51,971144;12,486925;118;;
N580;Wittenberg-Sued;1;1;51,861362;12,652642;67;;
N610;Elend/Schierke;1;1;51,756970;10,683992;632;;
N622;AS-Quedlinburg-Ost;1;1;51,805195;11,198019;123;;
N642;Ploetzkau;2;1;51,727048;11,677619;80;;
N650;Grossbadegast;1;1;51,732049;12,009556;83;;
N670;Tornau;1;1;51,634474;12,588966;117;;
N690;Holzdorf;1;1;51,787205;13,158883;81;;
N700;Thyratalbruecke;1;1;51,471029;10,999128;180;;
N760;Pappelgrund;1;2;51,456301;11,861425;130;;
N761;Querfurter Platte;1;1;51,399896;11,725620;168;;
N771;Teufelsgrundbruecke;2;1;51,568994;11,942989;115;;
N780;Kapellenberg;1;2;51,492827;12,203995;110;;
N793;Zoerbig;2;2;51,623972;12,191850;93;;
N820;Eckartsberga;1;1;51,120423;11,573464;282;;
N891;Elster-Saale-Kanal;2;1;51,354398;12,187759;102;;
N955;Rippachtal;2;1;51,236874;12,055594;139;;
N960;Zeitz-Sued;1;1;51,039160;12,111620;159;;
N992;Droyssig;1;2;51,031316;11,937477;297;;
O102;eddp rwy wman2;1;2;51,432600;12,264800;132;F;
O103;eddp rwy wmas1;1;2;51,413900;12,210600;129;F;
O104;eddp rwy wmas2;1;2;51,416110;12,251670;141;F;
O106;eddp MS31 slb-Sued;1;2;51,411940;12,213890;133;F;
O200;eddp MS06 SLB-N1;1;2;51,431472;12,220361;126;F;
O201;eddp MS07 SLB-N2;1;2;51,432056;12,233722;126;F;
O202;eddp MS09 SLB-N4;1;2;51,433528;12,264722;134;F;
O203;eddp MS33 SLB-S2;1;2;51,412917;12,230417;140;F;
O206;eddp MS34 SLB-S3;1;2;51,413500;12,245800;140;F;
O207;eddp MS02 RB-W;2;2;51,424389;12,210944;140;F;
O208;eddp MS18 RB-E;2;2;51,420300;12,249100;146;F;
O224;Grimma (Mulde);1;1;51,258610;12,779868;141;;
O226;Roetha;1;1;51,184819;12,457670;152;;
O252;Schoenborn;1;1;51,316670;13,716670;154;;
O325;Doebeln-Ost;1;2;51,111260;13,178430;269;;
O329;Doebeln-Nord;1;1;51,176997;13,033248;249;;
O372;Burkauer Berg;1;1;51,166670;14,116670;318;;
O410;Beiersdorf;1;1;51,264964;12,693181;162;;
O411;Geithain;1;1;51,048092;12,640986;225;;
O450;Weisseritztalbruecke;2;1;51,022870;13,687740;180;;
O452;Brabschuetzer Berg;1;1;51,066670;13,616670;254;;
O453;Kaditz;1;1;51,066670;13,666670;147;;
O454;Dresden rwy1;1;1;51,133800;13,765700;222;F;
O455;Dresden rwy2;1;1;51,127200;13,756600;229;F;
O456;Gompitz;1;1;51,037377;13,603732;294;;
O459;Zellwald;1;1;51,016670;13,266670;350;;
O462;Dresden RVR22;1;1;51,140500;13,774800;216;F;
O463;Dresden Echo;1;1;51,144400;13,780100;211;F;
O464;Bannewitz;1;1;51,005448;13,728857;222;;
O471;Salzenforst;1;1;51,194198;14,353155;239;;
O511;Rabensteiner Wald;1;2;50,823990;12,769276;467;;
O513;Hohenstein;1;2;50,812680;12,720862;468;;
O528;Gersdorf;1;2;50,950000;13,066670;332;;
O541;Mohorn;1;1;50,993320;13,452611;365;;
O554;Possendorf;1;1;50,960020;13,702421;378;;
O620;Gloesa;1;2;50,890309;12,936269;342;;
O662;Breitenau;1;2;50,804784;13,880721;561;;
O701;Landesgrenze Thueringen;1;1;50,836122;12,370962;303;;
O720;Penig;1;1;50,944307;12,689590;266;;
O730;Hartenstein;1;1;50,682062;12,635436;459;;
O770;Neuwernsdorf;1;1;50,703071;13,522770;600;;
O781;Kipsdorf;1;1;50,819522;13,689831;497;;
O787;Altenberg;1;1;50,771427;13,723378;781;;
O789;Zinnwald;1;1;50,735345;13,757396;830;;
O807;Culitzscher Hoehe;1;1;50,650000;12,483330;411;;
O810;Rothenkirchen;1;2;50,537064;12,492845;614;L;
O814;Langenbach;1;2;50,532523;11,888719;530;L;
O820;Geyer;1;1;50,625252;12,906972;679;;
O843;Neuhausen/Erzgebirge;1;1;50,656212;13,475115;735;;
O862;Marienhoehe;1;1;50,600000;12,383330;442;;
O883;Gelobtland;1;1;50,614902;13,162230;715;;
O885;Lauta;1;1;50,668190;13,135738;623;;
O904;Reichenbach;1;2;50,645545;12,339234;421;L;
O905;Blosenberg;1;2;50,365625;11,990932;510;L;
O910;Plauen;1;1;50,448487;12,165701;478;;
O932;Johanngeorgenstadt;1;1;50,439862;12,698120;892;;
O941;Hammerunterwiesenthal;1;1;50,447132;13,018780;781;;
O951;Heinersgruen;1;1;50,391084;11,984634;573;;
P003;Grenzwald;2;1;50,353322;9,739886;362;A;
P010;Oberbacher Bruecke;2;1;50,346570;9,885740;473;L;
P011;Poppenroth;1;1;50,233119;9,998969;365;L;
P012;Sinntal;2;1;50,318597;9,840748;386;A;
P014;Schwarzes Moor;1;1;50,523454;10,071743;789;L;
P017;Oberthulba 2;1;1;50,199357;9,938806;322;A;
P019;Kloeffelsberg;2;1;50,110866;9,958807;251;A;
P021;Rannungen;1;1;50,178035;10,192971;344;A;
P023;Maibachtalbruecke;2;1;50,094644;10,159661;251;A;
P026;Saaletalbruecke A71;2;1;50,342557;10,310122;240;A;
P027;Auraerberg;1;1;50,175812;9,553634;398;L;
P030;Lauertalbruecke;2;1;50,248503;10,214927;241;A;
P031;Eussenhausen-Schanz;1;1;50,484025;10,335554;493;L;
P034;Sulzdorf;1;1;50,229497;10,573812;328;L;
P040;Weisachtalbruecke;2;1;50,176111;10,710045;304;L;
P047;Kupferberg;1;1;50,148879;11,584815;538;L;
P053;Eisfeld;1;2;50,374100;10,919729;515;A;
P054;Itztalbruecke;2;1;50,281361;11,014886;304;A;
P056;Maintalbruecke Lichtenfels;2;1;50,139210;11,034774;258;A;
P063;Gottmannsgruen;2;1;50,273636;11,599173;550;L;
P064;Rennsteig;1;1;50,458371;11,345830;694;L;
P070;Nordhalben;1;1;50,381479;11,504593;623;L;
P080;Langleiten;1;1;50,349945;9,950421;582;L;
P081;Rudolphstein (Saalebruecke A9);2;1;50,416688;11,783038;442;L;
P082;Saalebruecke A72;2;1;50,356138;11,869137;500;A;
P083;AD Bayer. Vogtland;2;1;50,324924;11,795100;590;A;
P084;Roedental;1;1;50,305325;11,046396;404;L;
P085;Schwarzenbach/Saale;2;1;50,228787;11,936879;506;L;
P087;Kulmbach;1;1;50,026110;11,596390;458;A;
P089;Oberhardtmannsreuth;2;1;50,342780;12,000830;532;A;
P090;Egerbruecke;2;1;50,137291;12,087600;502;A;
P091;AD Hochfranken;2;1;50,383887;11,963140;533;A;
P092;Schorkendorf;1;1;50,232459;10,925321;356;L;
P093;Kirchleus;1;1;50,165414;11,399973;455;L;
P094;Mottener Haube;1;1;50,385659;9,773597;496;L;
P101;Kahl;1;1;50,084350;9,035343;119;A;
P102;Rothenbuch;1;1;49,978774;9,411265;433;L;
P105;Weibersbrunn;1;1;49,941940;9,344720;428;A;
P108;Fernreuth;1;1;49,947722;11,326816;498;L;
P109;Wiesen;1;1;50,108416;9,346603;485;L;
P110;Holzkirchhausen;1;1;49,755015;9,662001;335;K;
P112;Bischbornerhof;1;1;49,978482;9,461353;464;L;
P116;Haseltal;2;1;49,879216;9,437580;396;A;
P123;Guentersleben;1;1;49,874174;9,919769;324;K;
P124;Buchrasen;1;1;50,287407;9,790623;441;L;
P126;Sudrach;1;1;49,898289;10,446198;358;L;
P127;Eichfeld;1;1;49,850449;10,276836;239;L;
P128;Erlabrunn;1;1;49,865504;9,839955;166;L;
P129;Stadelhofen;1;1;49,941034;9,717433;295;L;
P130;Gerolzhofen;1;1;49,890401;10,359544;258;L;
P132;Mainfrankenpark;1;1;49,783074;10,066129;333;L;
P133;Oerlenbach;1;1;50,145355;10,149989;323;L;
P134;Schweinfurt;2;1;50,022892;10,213731;204;L;
P135;Oberlauringen;1;1;50,221163;10,379682;330;L;
P136;Loeffelherz;1;1;50,088258;10,363833;378;L;
P139;Untereisenheim;1;1;49,895540;10,148440;293;K;
P142;Wildbach;2;1;49,977965;10,627027;252;A;
P143;Eltmann;2;1;49,977611;10,649732;227;A;
P145;Riedbachbruecke;2;1;50,115625;10,447837;301;L;
P146;Ebrach;1;1;49,837868;10,494038;415;L;
P149;Untereuerheim;2;1;50,014098;10,342298;230;A;
P150;Viereth;2;1;49,939921;10,767540;236;A;
P153;Teuchsatz;1;1;49,870122;11,090325;549;L;
P154;Neudorfer Hoehe;1;1;49,688922;11,370388;546;L;
P155;Bamberg;1;1;49,933798;10,911838;247;A;
P156;Wuergau;2;1;49,982798;11,089883;462;A;
P157;Bamberg-Hafen;2;1;49,917832;10,844823;232;A;
P159;Hirschaid;1;1;49,918292;10,843219;237;A;
P160;Wildensee;1;1;49,831860;9,364764;430;K;
P161;Gramlhof;1;1;49,787234;12,084414;652;L;
P163;TB Paradiestal;2;2;49,997642;11,178291;457;A;
P166;Weisser Berg;1;1;50,008970;11,349105;499;A;
P167;Druegendorfer Berg;1;1;49,809438;11,130537;480;L;
P169;Horb bei Fuerth am Berg;1;1;50,288782;11,137436;325;L;
P170;Rottenberg;1;1;50,032914;9,226614;315;K;
P171;Rohrersreuth;2;1;50,075516;11,642691;464;A;
P172;Lanzendorf;2;1;50,040525;11,612937;357;A;
P176;Bayreuth-Sued;1;1;49,898434;11,602131;410;A;
P177;Steinachtalbruecke;2;1;50,213879;11,221826;297;L;
P178;TB Trockau;2;1;49,822769;11,498662;518;A;
P180;Waldeck;1;1;49,863974;11,955091;565;L;
P183;TB Roeslau;2;1;50,020900;12,117448;499;A;
P186;Schraudenbach;2;1;50,006000;10,039404;289;L;
P187;Hessenreuth;1;1;49,821040;11,990400;693;L;
P191;Hainbuche;1;1;50,089377;9,813103;323;L;
P192;Seibersbach;1;1;49,956340;12,193279;521;A;
P193;Breitsol;1;1;49,900025;9,426819;568;L;
P194;Hofstetten;1;1;49,928540;11,896887;649;L;
P195;oedberg;1;1;49,943010;12,115030;713;L;
P196;Seehaus;1;1;50,026969;11,858633;784;L;
P199;Hahnenhuegelbruecke1;2;1;50,035061;10,221936;199;L;
P201;Boxbrunn;1;1;49,655917;9,127681;486;L;
P213;Irtenberg;1;1;49,719882;9,807790;379;L;
P214;Graefenneuses;1;1;49,792856;10,427187;393;L;
P220;Kist;1;1;49,747811;9,854211;372;A;
P221;Stettbachtalbruecke;2;1;49,995000;10,075560;253;A;
P223;Tiefenthal;1;1;49,585335;9,923798;342;L;
P229;Hohenmirsberg;1;1;49,813476;11,447432;597;L;
P230;Rothofbruecke;2;1;49,803943;10,046409;279;A;
P231;Dettelbach;2;1;49,785822;10,153452;186;A;
P234;Marktbreit;2;1;49,667116;10,128874;184;A;
P239;Tauberrettersheim;1;1;49,497080;9,935211;238;L;
P251;Hoechstadt;2;1;49,704792;10,851996;273;A;
P253;Mainbruecke Segnitz;2;1;49,670235;10,147663;182;L;
P255;Baiersdorf;1;1;49,684391;11,055261;260;A;
P256;Erlangen;1;1;49,629391;10,918449;290;A;
P258;Seehof;1;1;49,677315;10,339924;326;L;
P259;Bamberg-Sued;2;1;49,870459;10,950446;255;A;
P268;Hormersdorf;1;1;49,620091;11,406708;537;A;
P272;Auerbach;1;1;49,733339;11,666917;527;L;
P281;Wiesau;2;1;49,885668;12,211660;474;A;
P282;Hainstetten;1;1;49,506555;12,016943;626;L;
P283;Reuther Bruecke;2;1;49,840423;12,117727;470;L;
P285;Kalter Baum;1;1;49,593060;12,302500;596;A;
P286;Hormersdorf;1;1;49,609359;11,406654;511;L;
P288;Kohlberg;2;1;49,594092;12,001877;506;L;
P289;Naabbruecke;2;1;49,584927;12,131819;387;A;
P290;Wuernreuth;1;1;49,725194;12,245596;511;L;
P291;Waldnaab;2;1;49,783843;12,165301;432;A;
P293;Stadlern;1;1;49,512924;12,612289;728;L;
P295;Lesslohe;1;1;49,689903;12,458544;668;L;
P296;Darstadt;1;1;49,677330;10,011350;216;L;
P297;Nankendorf;1;1;49,611366;10,830466;353;L;
P301;Ensbruecke;2;2;49,442177;10,254711;398;A;
P303;Gailroth;1;1;49,226318;10,130505;456;L;
P304;Schillingsfuerst;1;1;49,284117;10,276803;539;L;
P309;Frankenhoehe;1;1;49,242268;10,356988;523;A;
P311;Mailheimer Steige;1;1;49,503889;10,507750;420;L;
P312;Bruecke Oberdachstetten;2;1;49,417900;10,424380;441;L;
P314;Ezelsdorf;1;1;49,321818;11,334522;457;L;
P316;Schnelldorf;1;1;49,207780;10,146940;514;A;
P320;Fuerth;1;1;49,472382;11,014942;297;A;
P322;Wicklesgreuth;1;1;49,313002;10,680095;460;L;
P323;AK Fuerth/Erlangen;2;1;49,559826;10,991635;286;A;
P324;Graf-Stauffenberg-Bruecke;2;1;49,467514;10,953696;314;K;
P325;Pilsachbuecke;2;1;49,314814;11,505169;440;A;
P328;Gaulnhofen;1;1;49,315625;10,883640;443;A;
P329;Nuernberg-Sued;2;1;49,379689;11,138696;369;A;
P330;AK Nuernberg;2;1;49,459340;11,244514;348;A;
P331;Lauf;2;1;49,513592;11,301445;322;A;
P332;Zollhaus;1;1;49,392459;11,115039;351;A;
P334;Wendelstein;1;1;49,358740;11,144621;346;L;
P335;Unterlangenfeld;1;1;49,500780;11,604859;457;L;
P336;AK Nuernberg-Ost;2;1;49,395588;11,200596;377;A;
P338;Allersberg;1;1;49,250606;11,216346;399;A;
P340;Unterpfraundorf;1;1;49,139986;11,861938;526;A;
P341;Langenzenn;1;1;49,481896;10,797176;358;L;
P342;Frankenalb;2;1;49,428795;11,644344;618;A;
P344;Unterrieden;2;1;49,403697;11,392909;434;A;
P345;Edelsfeld;1;1;49,576840;11,689775;552;L;
P346;Schwend;1;1;49,426138;11,652828;618;L;
P347;Penzenhofen;1;1;49,381397;11,298744;412;L;
P349;Krondorf;2;1;49,264313;11,603853;506;A;
P351;Finsterbachtalbruecke;2;1;49,275144;11,090347;336;L;
P353;Vilstal;2;1;49,394701;11,904821;371;A;
P357;Grossgeschaidter Berg;1;1;49,559553;11,176314;409;L;
P359;Schmidgaden;1;1;49,439590;12,050312;424;A;
P360;Pittersberg;1;1;49,370576;12,034104;484;L;
P364;Oedschlagtalbruecke;2;1;49,511201;12,162069;391;A;
P365;Konzell;1;1;49,071367;12,706520;592;L;
P367;Wildenstein;1;1;49,038490;11,611919;483;L;
P371;Am Forst;1;1;49,451339;12,437838;605;L;
P373;Mittenwald;1;1;47,428615;11,260811;925;L;
P375;Rissmannsdorf;1;1;49,098482;12,646986;501;L;
P377;Grafenkirchen;1;1;49,293700;12,629010;519;L;
P383;Jengen Zählstelle;1;1;48,014476;10,723174;627;L;
P397;Madersdorf;1;1;49,241404;12,865599;592;L;
P400;Woernitz;2;1;49,209081;10,249323;459;A;
P401;Zumhaus - Woenitz 2;1;2;49,208589;10,248147;456;A;
P402;AK Feuchtwangen;1;2;49,203300;10,234296;461;A;
P404;Wuestenbruck;1;1;49,280798;10,506320;490;L;
P406;Aumbach;1;1;49,047865;12,419210;566;L;
P413;Muhr am See;2;1;49,146808;10,734115;414;L;
P414;Stiegelmuehle;1;1;49,198181;10,886963;369;L;
P415;Ruegland;1;1;49,398269;10,590563;389;L;
P416;Wassertruedingen;1;1;49,055884;10,606750;455;L;
P419;Windsbach;1;1;49,243230;10,809320;397;L;
P423;Offenbau;1;1;49,131917;11,271267;451;A;
P424;Birkenlach;1;1;49,299113;11,216110;384;L;
P427;Nennslingen;1;1;49,043018;11,122855;560;L;
P428;Windischhausen;1;1;48,963724;10,845036;552;L;
P429;Testanlage Gelbelsee;1;1;48,952777;11,430022;524;A;
P430;Testanlage Offenbau;1;1;49,131917;11,271267;451;A;
P438;Gelbelsee;1;1;48,952777;11,430022;524;A;
P439;Strohof;1;1;49,176061;12,281720;427;L;
P440;Wegscheid;1;1;49,109504;11,491756;499;L;
P442;Parsberg;1;1;49,172126;11,801315;539;A;
P443;Mappenberg;1;1;49,286861;12,234835;465;L;
P445;Laaber Bruecke;2;1;49,082271;11,901576;490;A;
P447;Hochbuehl;1;1;48,944465;12,978056;580;L;
P450;Saalhaupt A93;2;1;48,888250;12,081080;397;A;
P452;TB Eichelberg;2;1;49,203798;12,115275;410;A;
P454;Saalhaupt B15N;1;2;48,890371;12,074828;391;A;
P455;Regendorf;1;1;49,089256;12,097106;376;A;
P456;Rosenhof;1;1;48,991850;12,231080;331;A;
P457;Sinzing Bruecke ;2;1;48,995944;12,030802;374;A;
P458;Bayerischer Wald;1;2;48,932444;12,705450;373;A;
P459;Woerth Bruecke;2;1;48,998266;12,344947;324;A;
P461;Frath;1;1;49,017683;12,531900;646;L;
P462;Michelsneukirchen;1;1;49,121628;12,543742;607;L;
P464;Asch;1;1;49,858490;12,469690;760;L;
P465;Zinzenzell;1;1;49,078170;12,576880;662;L;
P469;March;1;1;48,979625;13,074127;632;L;
P471;St. Englmar;1;1;49,005849;12,833976;900;L;
P473;Kalteck;1;1;48,939243;12,919707;749;K;
P474;Bad Abbach;2;1;48,939091;12,040777;341;L;
P475;Waizenhofen;1;1;49,066053;11,225785;572;L;
P476;Kraftsbuch;1;1;49,037286;11,295230;520;L;
P478;Gruenstaude;1;1;49,094442;11,757477;553;L;
P479;Frauenberg;1;1;49,139793;12,319469;561;L;
P482;Spiegelau;1;1;48,911437;13,365756;731;L;
P483;Brennes;1;1;49,132983;13,142779;1036;L;
P484;Mais;1;1;49,077863;13,071384;654;L;
P487;Poschetsried;1;1;48,952744;13,165620;624;L;
P488;Waldmann;1;1;49,028381;13,125116;689;L;
P489;Georgensgmuend;1;1;49,170081;11,012265;374;L;
P490;Rohrstetten;2;1;48,840510;13,159060;451;L;
P491;Simmetsreuth;1;1;48,790540;13,232973;573;L;
P492;Deffernik;1;1;49,068420;13,224192;621;L;
P495;Kaltenbrunn;1;1;48,867543;13,240639;682;L;
P504;Deining;1;1;49,203767;11,525535;473;L;
P510;Hoechstaedt;1;1;48,606640;10,513050;430;L;
P512;Dietfurt;1;1;48,934444;10,933056;418;L;
P520;Doerndorf;1;1;48,940982;11,471108;530;L;
P523;Lohrmannshof;1;1;48,954241;11,094518;538;L;
P524;Kipfenberg;1;1;48,944456;11,383091;382;L;
P525;Alling;1;1;48,995058;11,972330;370;L;
P526;Oberdeggenbach;1;1;48,825800;12,176381;373;L;
P529;Donaubruecke Straubing;2;1;48,897326;12,616003;314;L;
P530;Langweid;2;1;48,478336;10,866122;443;L;
P531;Rohrbach;1;1;48,605786;11,548267;439;A;
P533;Koeschinger Forst;1;1;48,835635;11,470880;451;A;
P534;Leonhardsbuch;1;1;48,406495;11,589718;453;A;
P536;Oberallershausen;1;1;48,427595;11,589104;445;A;
P537;Ossenzhausen;1;1;48,595342;11,562601;401;A;
P538;Sandrachbruecke;2;1;48,727892;11,474190;366;A;
P539;Paunzhausen;1;1;48,481314;11,587626;489;A;
P540;Kemnaten;1;1;48,570978;11,592556;488;A;
P541;AS Neufahrn;1;1;48,715617;12,168724;478;A;
P543;Neustadt a. d. Donau;2;1;48,816513;11,739450;350;L;
P544;Oberunsbach;1;1;48,657320;12,212720;486;L;
P545;Tennelohe Wetterkreuz;1;1;49,542350;11,030078;304;L;
P547;Siegenburg;1;2;48,738056;11,854722;431;A;
P550;Pentling;1;1;48,970236;12,070556;441;A;
P552;Hausen;1;1;48,832867;11,974266;385;A;
P553;Muenchen Nord Kreuz Rampe;2;1;48,223070;11,629626;492;A;
P554;Flughafen Muenchen NW;1;1;48,341700;11,754910;452;F;
P556;Muellerstadl;1;1;48,199203;11,436395;503;A;
P558;Flughafen Muenchen NE;1;1;48,363790;11,771590;446;F;
P559;Flughafen Muenchen SW;1;1;48,363323;11,795520;443;F;
P560;Flughafen Muenchen SE;1;1;48,345210;11,800510;447;F;
P561;Flughafen Muenchen MI;1;1;48,363790;11,771590;446;F;
P562;Wessobrunn;1;1;47,878917;11,014985;752;L;
P563;Beuerberg;1;1;47,831070;11,395820;665;L;
P564;Pfaffenberg;1;1;48,762395;12,211717;390;L;
P565;Rannasaege;1;1;48,572030;13,740117;534;L;
P566;Perasdorf;1;1;48,959535;12,806770;482;L;
P567;Dingolfing;1;2;48,660653;12,512805;352;A;
P569;Pilsting;1;1;48,688744;12,648638;341;A;
P570;Kreut;1;1;48,726181;11,146038;457;L;
P573;Deggenau Bruecke;2;1;48,808197;12,972343;319;A;
P574;Ammerfeld;1;1;48,793659;10,989845;520;L;
P577;Muenchsmuenster;1;1;48,757282;11,677386;358;L;
P578;Schwarzach;1;2;48,902858;12,790419;358;A;
P579;Sandersdorf;1;1;48,899247;11,613724;409;L;
P580;Biering;1;1;48,368966;13,083628;522;L;
P582;Rusel;1;1;48,876511;13,082289;778;L;
P583;Donaubruecke Winzer;2;2;48,725202;13,058858;308;L;
P587;Schoellnachtal;1;1;48,717153;13,158676;436;A;
P589;Galgenberg;1;1;48,639532;13,294047;512;A;
P590;Wildenberg;1;1;48,706419;13,379079;527;L;
P591;Schalding Bruecke;2;1;48,596922;13,370082;296;A;
P592;Philippsreuth;1;1;48,856905;13,677847;976;L;
P593;Hofendorf;2;1;48,728474;12,151989;405;L;
P595;Ludmannsdorf;1;1;48,686743;11,907755;480;L;
P596;Kirchlehen;1;1;48,760049;12,423193;451;L;
P598;Elsenthaler Leite;1;1;48,845634;13,372867;483;L;
P600;Gundelfingen;1;1;48,535553;10,355623;431;L;
P601;Zaehlstelle Muehlried;1;1;48,569861;11,301922;416;L;
P603;Quick;1;1;48,422850;12,131370;509;L;
P604;Fimbachbruecke;2;1;48,483814;12,250532;460;L;
P605;Leibi Bruecke ;2;1;48,440099;10,111445;456;A;
P608;Osterbach;2;1;48,724788;13,523676;405;L;
P610;Hochdorf;1;1;48,742150;10,543884;515;L;
P612;Oberbechingen;1;1;48,629160;10,351126;481;L;
P613;Prettelshofen;1;1;48,538160;10,740665;456;L;
P614;Voehringen;1;1;48,256096;10,193418;550;L;
P615;Illerbruecke Kellmuenz;2;1;48,121050;10,121466;536;L;
P616;Burlafingen;1;1;48,411663;10,072513;467;L;
P617;Eichendorf;1;1;48,624766;12,855353;428;L;
P619;Kreuz;1;1;48,357033;12,223596;458;L;
P620;Starkertshofen;2;1;48,641253;11,453904;382;L;
P622;Kleinberghofen;1;1;48,347353;11,276986;488;L;
P623;Goglhof;1;1;48,565579;11,854025;498;L;
P624;Finsingerau;2;1;48,211807;11,854023;519;L;
P625;Eichethof;1;1;48,417618;11,532289;514;L;
P630;Langenbruck;1;1;48,623609;11,525581;467;A;
P631;Holledau Nord;1;1;48,584743;11,577758;452;A;
P632;Holledau Sued Bruecke;2;1;48,552373;11,590383;449;A;
P633;Pfaffenhofen;1;1;48,494704;11,594793;505;A;
P634;Allershausen Nord;1;1;48,444367;11,589401;468;A;
P635;Allershausen Sued;1;1;48,386912;11,597341;448;A;
P636;Fuerholzen;1;1;48,339685;11,607474;497;A;
P638;Preinerszell;1;1;48,531299;11,592561;496;A;
P640;Aiterbach;1;1;48,457185;11,590874;479;A;
P641;Giegenhausen;1;1;48,510798;11,584361;506;A;
P643;Wolnzach;1;1;48,609239;11,666971;491;A;
P646;Langenpreising;1;2;48,437880;11,952607;419;A;
P647;Freising;1;2;48,376661;11,752002;443;A;
P648;FH Spange;2;1;48,350761;11,726985;453;A;
P650;Pfettrach;2;1;48,564498;12,087635;432;A;
P653;Landshut West;1;1;48,531407;12,071172;399;A;
P654;Moosburg Bruecke;2;1;48,496667;12,005278;403;A;
P662;Ernsthof;1;1;48,572703;12,510737;476;L;
P665;Schierling;1;1;48,829235;12,125030;375;A;
P667;Grafenschlag;1;2;48,768187;12,133906;471;A;
P670;Laabertalbruecke;2;1;48,734547;12,158062;419;A;
P671;Neuoetting;2;1;48,254105;12,702840;375;A;
P673;Moegling;2;1;48,733259;12,659002;346;L;
P675;Seysdorf;1;1;48,548094;11,733168;482;L;
P676;Ried;1;1;48,622793;11,097039;411;L;
P679;Suenzhausen;1;1;48,518600;11,649325;522;L;
P680;Wurmannsquick;1;1;48,340261;12,820235;492;L;
P683;St. Salvator;1;1;48,492924;13,201101;503;L;
P684;Geltendorf;1;1;48,127648;11,023844;585;L;
P685;Simbach;1;1;48,549823;12,734021;460;L;
P686;Kleinwalddorf;1;1;48,971766;11,834676;526;L;
P690;Bruckleiten;1;1;48,685898;13,733117;797;L;
P692;Passau-Sued;1;1;48,537835;13,399581;432;A;
P693;Reichermuehle;1;1;48,727483;13,652570;619;L;
P694;Neuoed;1;1;48,813678;12,019759;412;L;
P696;Obergolzaberg;1;1;48,595256;11,880636;498;L;
P698;Suben Bruecke ;2;1;48,411498;13,425430;309;A;
P700;Hittistetten Bruecke;2;1;48,325083;10,089073;530;A;
P701;Pfeffermuehle;2;1;49,304830;10,209121;403;A;
P703;Babenhausen;1;1;48,144100;10,230820;559;L;
P704;Illerkanal Bruecke;2;1;48,071894;10,138557;555;A;
P705;Mittbach;1;1;48,162423;12,021221;618;L;
P706;Illertal Bruecke;2;1;48,133396;10,110077;538;A;
P707;Moosham;1;1;48,183432;12,150305;587;L;
P708;Grossaibach;1;1;48,445695;12,050977;463;L;
P709;Kirchdorfer Berg;1;1;48,041365;10,566370;639;A;
P710;Forstwirt-Grassbrunn;1;1;48,049722;11,763333;577;L;
P711;Ettringen;2;1;48,098423;10,667411;589;L;
P712;Leitnergassteig;1;1;47,834988;11,653348;749;L;
P713;Westerberg;1;1;47,991604;12,047490;500;L;
P714;Kumpfmuehle;1;1;48,185116;12,443079;416;L;
P715;Ederheim;1;1;48,810177;10,449205;513;L;
P716;Hangbruecke Donauwoerth;2;1;48,715629;10,796350;426;L;
P717;Grafrath/Unteralting;1;1;48,117778;11,153889;537;L;
P719;Holzheim;1;1;48,612729;10,943276;443;L;
P720;Oppersberg;1;1;48,988397;10,425427;470;L;
P721;Burghausner Forst ;1;1;48,205920;12,832080;408;L;
P722;Windbichl;1;1;47,825835;12,840000;591;L;
P723;Spoererau;1;1;48,482471;12,000989;408;L;
P725;Stadelham;1;1;48,437672;11,338677;512;L;
P727;Engenried;1;1;47,969547;11,058847;677;K;
P728;Flughafen Muenchen;1;1;48,293869;11,711133;464;L;
P729;Landsberg Bruecke;2;1;48,063911;10,876615;580;A;
P730;Weng;1;1;48,366906;11,594972;454;A;
P731;AD-Sued-West;1;1;48,117240;11,386473;550;A;
P733;Mintraching;1;1;48,313860;11,695493;465;L;
P735;Flughafen Muenchen Rollbruecke N3;1;2;48,344410;11,776990;448;F;
P737;Neuried;1;1;48,086214;11,456739;566;L;
P738;Schoeffelding;1;1;48,061144;10,983847;653;A;
P740;Hochbrueck;2;1;48,228868;11,597754;493;L;
P742;Ludwigsfeld;1;1;48,209333;11,483586;497;A;
P743;Tunnel Allach;1;1;48,204736;11,451343;499;A;
P744;Amperbruecke;2;1;48,230839;11,353190;495;A;
P745;Langwieder See;1;1;48,195747;11,410946;503;A;
P746;Spange Eschenried;1;2;48,205074;11,422187;499;A;
P747;Groebenzell;1;1;48,211621;11,385790;501;A;
P748;Oberpfaffenhofen;1;1;48,093427;11,295573;573;A;
P749;Allacher Forst;1;1;48,204133;11,445841;501;A;
P751;Garching Nord;1;1;48,265644;11,645628;477;A;
P752;Feldmoching;1;1;48,222952;11,521842;493;A;
P754;Zamsdorf;1;1;48,138804;11,640851;521;A;
P755;Aschheim;1;1;48,189420;11,707417;502;A;
P756;Perlach Bruecke;2;1;48,084263;11,617331;545;A;
P757;Kirchheim;1;1;48,167719;11,740968;515;A;
P758;Am Moosfeld;1;1;48,139589;11,654521;524;A;
P759;Hohenbrunn;1;1;48,058691;11,699742;559;A;
P763;Feldkirchen-West;1;1;48,142113;11,715261;523;A;
P766;Forstinning;1;2;48,177866;11,904062;505;A;
P767;Rasthaus Neupullach;1;1;48,158119;11,956792;533;L;
P770;AK Neufahn Direktrampe;2;1;48,316610;11,620240;477;A;
P772;Fuerholzen Sued;1;1;48,332241;11,611766;486;A;
P773;Goldbach Bruecke;2;1;48,670770;12,190868;431;A;
P774;Eggerding ;1;1;48,333641;12,524312;485;L;
P775;Bruecke bei Riexing;2;1;48,258740;11,866055;508;L;
P776;Erling;1;1;47,965506;11,195712;697;L;
P778;Lagerlechfeld;1;1;48,199242;10,853679;544;L;
P779;Schwabstadl;2;1;48,150430;10,868748;555;L;
P780;Talbruecke Bergen;2;1;47,827923;12,600610;602;A;
P783;Gstadt;1;1;47,891676;12,423783;543;L;
P784;Oberjoch;1;1;47,516200;10,406560;1147;L;
P786;Untrasried-Brand;1;1;47,825699;10,392699;846;L;
P787;Kimratshofen;1;1;47,797470;10,147990;766;L;
P789;Grasbrunn;1;1;48,094373;11,748081;551;A;
P790;Putzbrunn;1;1;48,062911;11,709631;565;A;
P791;Tannschachen;1;1;47,898085;12,860041;458;L;
P792;Irpisdorf;1;1;47,956321;10,580365;670;L;
P793;Vogelwirt ;1;1;47,763442;10,452845;864;L;
P795;Oberreute-Hinterschweinhoef;1;1;47,531240;9,919240;978;L;
P796;Beuren-Grod;1;1;47,664080;9,879980;588;L;
P798;Kesselberg;1;1;47,626620;11,353610;812;L;
P799;Sylvenstein;1;1;47,568846;11,529234;772;L;
P800;Spatzenhausen;1;1;47,706728;11,200755;670;L;
P802;Memmingen-Ost Bruecke;2;1;47,998889;10,185556;591;A;
P805;Allgaeuer Tor;1;1;47,859017;10,277565;746;A;
P806;Aitrach;1;1;47,943221;10,100904;592;A;
P807;Aschbacher Berg;1;1;47,919121;11,817164;650;L;
P808;Memmingen Sued;2;1;47,990180;10,150694;600;A;
P809;Kleinweilerhofen;1;1;47,652559;10,084977;752;L;
P810;Kohlberg Tunnel;1;1;48,037404;10,376788;643;A;
P812;Ottobeuren - Guggenberg;1;1;47,937255;10,327240;740;L;
P813;Sachsenried;1;1;47,835658;10,787169;862;L;
P814;Schaefstoss;1;1;48,388666;10,723220;476;L;
P815;Ebersbach;1;1;47,850915;10,463488;870;L;
P819;AD Feldmoching Rampe;2;1;48,225300;11,534722;505;A;
P820;Innbruecke Wasserburg;2;1;48,068295;12,218286;453;L;
P822;Windach;1;1;48,073332;11,036265;576;A;
P823;Buchloe Bruecke;2;1;48,026509;10,727503;624;A;
P826;AK Muenchen West;2;1;48,180334;11,431363;515;A;
P827;Germering Nord;1;1;48,144604;11,394507;530;A;
P828;Weissenfeld;1;1;48,134300;11,758735;530;A;
P834;Flugwerft-Museum;1;2;48,247294;11,532694;483;A;
P835;Heimstetten;1;1;48,161277;11,745714;515;A;
P837;Massenhausen;1;2;48,326697;11,644435;458;A;
P838;KR Neufahrn A92;1;1;48,317553;11,623685;460;A;
P840;Echinger-See;1;1;48,286111;11,638056;475;A;
P841;Starnberg Bruecke;2;1;48,005072;11,395971;642;A;
P842;Achering;1;1;48,337296;11,708218;460;A;
P843;Lohhof;1;1;48,305772;11,599336;464;A;
P844;Oberschleissheim;1;2;48,281494;11,552660;471;A;
P845;KR Neufahrn A9;1;1;48,311677;11,623211;465;A;
P847;Wolfratshausen;1;1;47,854491;11,386747;708;A;
P848;Garching;1;1;48,251852;11,644352;483;A;
P849;Neuherberg;1;1;48,228169;11,584535;489;A;
P851;Brunnthal 3;1;1;48,010454;11,668036;595;A;
P852;Hofoldinger Forst;1;1;47,979862;11,683587;611;A;
P854;Holzkirchen;1;1;47,908962;11,716986;650;A;
P855;Mangfall;2;1;47,868617;11,786595;631;A;
P857;Hofoldinger Forst Sued;1;1;47,937288;11,703735;645;A;
P858;Froettmaning;1;1;48,211308;11,624372;495;A;
P859;Unterlaindern;1;1;47,883206;11,750599;664;A;
P863;Weyarn;1;1;47,865523;11,818880;656;A;
P864;Brunnthal 2;2;1;48,026071;11,651685;580;A;
P865;Inntal Dreieck;1;1;47,808300;12,095800;469;A;
P866;Seehammer See;1;1;47,859766;11,849501;655;A;
P867;Irschenberg Bruecke;2;1;47,830166;11,904880;709;A;
P868;Brunnthal 1;2;1;48,021931;11,659882;581;A;
P869;Dettendorf;2;1;47,821590;11,973970;499;A;
P871;Laitzach;1;1;47,834772;11,879402;608;A;
P872;Schlachtham;1;1;47,825076;11,940205;588;A;
P876;Rosenheim Bruecke;2;1;47,807200;12,124700;453;A;
P878;Streitheim;1;1;48,419763;10,682032;536;A;
P879;Priental Bruecke;2;1;47,803629;12,299227;590;A;
P880;Taluebergang Miesbach;2;1;47,780502;11,828708;713;L;
P883;Altenmarkt;1;1;48,006077;12,515372;527;L;
P884;Neukirchen;1;1;47,830900;12,751767;686;L;
P885;Grabenstaett;1;1;47,830278;12,522222;519;L;
P886;Reichhausen Bruecke;2;1;47,828479;12,612212;658;L;
P888;Bernauer Berg;1;1;47,810817;12,347829;616;L;
P889;Schweinbach;1;1;47,828643;12,627667;647;L;
P890;Siegsdorf Bruecke;2;1;47,827076;12,647013;607;L;
P891;Vogelwald;1;1;47,828155;12,694281;651;L;
P895;Neukirchen;1;1;47,827823;12,750328;703;L;
P896;Leipheim;2;1;48,445527;10,207412;463;L;
P897;Atzelbach Bruecke;2;1;47,826530;12,760910;698;L;
P898;Teisenberg;1;1;47,828611;12,794444;656;L;
P899;Anger;1;1;47,792959;12,864499;501;L;
P901;Obertraubing;1;1;47,920888;11,237994;725;L;
P902;Jengen;2;1;48,004053;10,720832;633;L;
P906;Glonn;1;1;47,994906;11,855160;573;L;
P909;Sachrang-Muellner;1;1;47,684120;12,259100;732;L;
P910;Hellengerst;1;1;47,666775;10,202731;943;A;
P911;Rohrbachtobel Bruecke;2;1;47,668212;10,255308;798;A;
P912;Sulzberg Bruecke;2;1;47,682023;10,320250;694;A;
P913;Kohlhofen;1;1;47,702605;10,896037;855;L;
P920;Durach Bruecke;2;1;47,692001;10,366204;769;A;
P921;Rottachtal Bruecke;2;1;47,657560;10,426803;868;A;
P922;Griesen;1;1;47,478154;10,944070;826;L;
P925;Stuetzelsaege;2;1;47,587050;10,381650;977;K;
P926;Stein-Iller;1;1;47,575726;10,250075;714;L;
P928;Reit im Winkl;1;1;47,690610;12,499700;794;L;
P930;Bannwaldsee;1;1;47,591810;10,773224;793;L;
P932;Hopferau;1;1;47,609921;10,656363;798;A;
P933;Fuessen;1;1;47,571718;10,660190;788;A;
P939;Neuhof;1;1;47,893953;10,886437;702;L;
P940;Jachenau;1;1;47,569702;11,301654;807;L;
P941;Grossweil Bruecke;2;1;47,661115;11,241986;650;A;
P951;Dietramzell;1;1;47,887728;11,587805;721;L;
P954;Wachterl;1;1;47,636037;12,857373;891;L;
P955;Laufenegg;1;1;47,632176;10,481204;866;L;
P959;Laufenegg;2;1;47,547386;9,989128;874;L;
P961;Walserschanze;1;1;47,398006;10,238196;994;L;
P964;Muenchen-Ost;1;1;48,143847;11,773978;525;A;
P967;Klamm Schwarzenbach;1;1;47,622160;11,713130;832;L;
P968;Oberammergau;1;1;47,591023;11,055988;866;L;
P969;Rossmoos;1;1;47,579830;10,606616;871;L;
P970;Leubas;1;1;47,770794;10,325547;692;A;
P977;Oberaudorf;1;2;47,658429;12,183790;469;A;
P978;Kiefersfelden Bruecke;2;1;47,606091;12,195119;473;A;
P980;Westried;1;1;47,667275;11,131857;684;L;
P984;Grassach;1;1;48,059850;12,739750;472;L;
P985;Schmelzbruecke;2;1;47,746700;12,729582;752;L;
P992;Enzenstetten Bruecke;2;1;47,629501;10,602560;814;A;
P993;Piding;1;1;47,771124;12,892662;461;A;
P998;Auerberg ;1;1;47,734213;10,742421;983;L;
P999;Osterwald;1;1;47,770732;11,041434;699;L;
Q006;Seckenheim A ;2;1;49,450560;8,543060;98;;
Q018;Heidelberg;2;1;49,424720;8,601670;104;;
Q019;Ziegelhausen;1;1;49,452676;8,751200;368;;
Q020;Schlierbach B37;1;1;49,399800;8,776100;117;;
Q021;Grenzhoefer Weg;2;1;49,418349;8,625542;108;;
Q050;Adelsheim;2;1;49,418107;9,390720;257;L;
Q064;Kuelsheim;1;1;49,662706;9,553192;376;;
Q065;Muckbach A;2;1;49,564440;9,629740;311;;
Q068;Holzspitze;1;2;49,456940;9,541670;397;;
Q069;Waldhausen;2;1;49,463170;9,251610;389;L;
Q070;Keltensiedlung;1;2;49,716670;9,800000;378;;
Q071;Scheinberg;1;2;49,711110;9,808330;377;;
Q072;Roetenstein B;2;1;49,618398;9,725773;284;;
Q075;Boxberg;1;1;49,460928;9,612836;371;;
Q079;Bad Mergentheim;1;1;49,478594;9,783714;274;;
Q081;Herbsthausen;1;1;49,390471;9,835846;415;;
Q082;Brücke Boxberg;1;1;49,368000;8,691300;116;L;
Q091;Buchbachtalbruecke;2;2;49,056360;10,178225;479;;
Q092;Landturm Lichtel;1;1;49,412231;10,029361;458;;
Q094;Großrinderfeld;1;1;49,686200;9,714900;317;;
Q100;Hockenheim A;2;1;49,343060;8,473330;92;;
Q110;Koenigstuhl;1;1;49,403534;8,728273;563;;
Q111;Kirchardt;1;1;49,204900;9,006400;250;L;
Q120;Hüffenhardt;2;1;49,293060;9,092330;301;L;
Q121;Schwaigern;1;1;49,145500;9,071000;213;L;
Q123;Eppingen;1;1;49,142000;8,928300;199;L;
Q150;Neckarsulm;1;1;49,1901;9,236000;159;L;
Q151;Widdern A;2;1;49,315000;9,410000;184;;
Q160;Willsbach;1;1;49,108200;9,376200;241;L;
Q170;Tauberbischofsheim;1;1;49,619067;9,669413;179;K;
Q182;Beckstein;1;1;49,536559;9,718405;201;L;
Q183;Rengershausen;1;1;49,416824;9,737830;366;B;
Q208;Karlsruhe;2;1;48,999020;8,444110;126;;
Q235;Stadt Walldorf ;1;1;49,305425;8,630616;110;P;
Q240;Sulmtal B;1;1;49,166670;9,266670;168;;
Q241;Sulmtal A;1;1;49,166670;9,233330;186;;
Q244;Lauffen;1;1;49,070900;9,182100;243;K;
Q250;Brettachtalbrücke;2;1;49,216404;9,347493;172;A;
Q251;Hölzern;1;1;49,187026;9,345789;234;A;
Q252;Bettingen;1;1;49,771206;9,573264;153;L;
Q253;Boxtal;1;1;49,771708;9,401331;136;K;
Q271;Braunsbach A;2;1;49,178610;9,795280;425;;
Q280;Waldenburg;1;1;49,189200;9,645200;473;L;
Q290;Wolfskopf;1;1;49,183610;10,043060;410;;
Q291;Gronachbruecke;2;1;49,185000;10,051940;439;;
Q321;Kaempfelbach;2;1;48,908420;8,684050;322;;
Q325;Dennach;1;1;48,817717;8,547700;629;;
Q331;Maulbronn West;1;1;48,990410;8,782130;271;;
Q336;B294 Birkenfeld;1;1;48,854990;8,617860;305;;
Q338;Schellbronn;1;1;48,815225;8,749232;528;;
Q342;Degerloch;1;1;48,735580;9,164590;442;;
Q343;Wuermstrasse;1;1;48,832133;8,782033;339;;
Q344;Moensheim;1;1;48,836811;8,870708;447;;
Q345;Tammerfeld;1;1;48,919931;9,152898;249;;
Q346;Hoheneck;1;1;48,906810;9,200553;253;;
Q347;Poppenweiler;1;1;48,914362;9,260404;265;;
Q348;Ludwigsburg 1;1;2;48,917510;9,158360;246;;
Q350;Ossweil;1;1;48,888581;9,228731;295;;
Q354;Zuffenhausen 01;2;1;48,840478;9,170220;298;;
Q355;Zuffenhausen 02;2;1;48,838754;9,169703;291;;
Q356;Zuffenhausen 03;2;1;48,838760;9,170178;290;;
Q357;Zuffenhausen 04;2;1;48,837910;9,169387;286;;
Q359;Ludwigsburg West;1;1;48,890267;9,163067;319;;
Q360;Leutenbachtunnel;1;1;48,883361;9,387938;277;L;
Q380;Oberkirneck;1;1;48,786200;9,687700;448;L;
Q381;Häge;1;1;48,760100;9,790700;543;L;
Q392;Westhausen A;2;1;48,899170;10,178890;454;;
Q393;Westhausen B;2;1;48,900000;10,183330;458;;
Q394;Agnesburg A;1;2;48,833330;10,200000;616;;
Q396;Agnesburg B;1;2;48,833330;10,200000;616;;
Q405;Unditz;1;1;48,402547;7,855369;152;;
Q406;Teningen;1;1;48,110130;7,789840;193;;
Q431;Renningen ;1;1;48,759100;8,931200;424;L;
Q439;Schaichhof;1;1;48,617100;9,023800;509;L;
Q441;AK Stuttgart A;2;1;48,715280;9,086940;517;;
Q442;Bernhausen;1;1;48,669800;9,192260;389;;
Q443;Stuttgart rwy1;1;1;48,686800;9,205720;382;F;
Q444;Stuttgart rwy4;1;1;48,666670;9,183330;401;F;
Q445;Leinfelden-Echterdingen;1;1;48,694330;9,174790;415;;
Q446;Stuttgart-Fasanenhof;2;1;48,715920;9,163030;405;;
Q447;Stuttgart Rollw.B;1;2;48,693500;9,236450;361;F;
Q448;Stuttgart Rollw.N11;1;2;48,694700;9,233670;365;F;
Q449;Stuttgart Rollw.Y14;1;2;48,683100;9,199690;387;F;
Q451;Neue Messe;2;2;48,690500;9,192200;397;;
Q452;Schlaitdorf;1;1;48,612690;9,212340;384;;
Q453;Neuenhaus;2;1;48,616790;9,221190;367;;
Q454;Aich;2;1;48,621940;9,225790;359;;
Q455;Harthausen;1;1;48,644370;9,231690;428;;
Q459;Bonlanden;1;1;48,664560;9,216540;383;;
Q462;Franzosenschluchtviadukt;2;2;48,609087;9,610233;655;A;
Q463;Fuchsloch;1;1;48,220400;8,766100;628;;
Q470;Scharenstetten;1;1;48,505510;9,839720;675;;
Q471;Aichen;1;1;48,516850;9,818980;711;;
Q472;Merklingen;1;1;48,520840;9,743110;710;;
Q473;Widderstall;1;1;48,531050;9,687430;752;;
Q477;Wasserscheide;1;1;48,532880;9,666180;769;;
Q479;Hohenstadt;1;1;48,539270;9,649370;771;;
Q480;Heuchlingen;1;1;49,251100;9,215700;178;K;
Q486;Furtlepass;1;1;48,748900;9,872500;626;L;
Q490;Taubentalbruecke;2;2;48,659250;10,223440;575;;
Q492;Fischerhoefe;1;1;48,462610;10,142710;454;;
Q493;Heidenheim Katzental;1;1;48,668716;10,143742;533;;
Q495;Oberkochen;1;1;48,783800;10,118400;495;L;
Q497;Muckensee;1;1;48,793000;9,701400;299;L;
Q498;Lauterburger Steige;1;1;48,786400;9,983600;685;L;
Q500;Memprechtshofen;2;1;48,682900;7,976800;130;L;
Q501;Kehl, Europabrücke;2;1;48,574000;7,803400;135;L;
Q502;Löcherberg;1;1;48,420100;8,158200;650;L;
Q504;Mummelsee;1;1;48,595900;8,201300;1025;L;
Q505;Duerrbaden;1;1;48,572600;8,225600;850;L;
Q520;Agenbacher Sägemühle;1;1;48,691100;8,566100;572;L;
Q524;Campingplatz Rehmühle;1;1;48,661100;8,544200;617;L;
Q526;Windpark Simmersfeld;1;1;48,626000;8,465400;849;L;
Q547;Horb A;2;1;48,450000;8,766670;375;;
Q550;Haigerloch-Stetten;1;1;48,353975;8,802259;438;;
Q572;Zaininger Stich;1;1;48,483040;9,539167;835;;
Q580;Drachenloch;2;1;48,333500;9,395300;781;;
Q581;Drackenstein;1;1;48,331200;9,392000;754;;
Q590;Oberelchingen;1;1;48,453610;10,060560;558;;
Q591;Jungingen;1;1;48,437720;10,001110;569;;
Q621;Kniebis;1;1;48,478700;8,273800;967;L;
Q654;Wessinger Senke;1;1;48,330954;8,940992;562;;
Q662;Trochtelfingen Bruecke;1;1;48,330678;9,246010;708;;
Q717;Geisberg;1;1;48,235000;8,001500;663;L;
Q720;Fohrenbühl;1;1;48,235800;8,290200;769;L;
Q721;Heidburg ;1;1;48,218500;8,086300;525;L;
Q734;AD Bad Duerrheim;2;1;47,995000;8,605000;721;;
Q735;Weigenbachtal;1;1;48,074440;8,604170;736;;
Q736;Hegaublick;1;1;47,883330;8,716670;803;;
Q737;Trossingen;1;1;48,055560;8,623610;744;;
Q742;Tieringen;1;1;48,201800;8,888100;900;;
Q752;Strassberg;1;1;48,184400;9,100200;771;;
Q770;Ahlen;1;1;48,121940;9,658046;631;;
Q780;Jordanei Bruecke;1;1;48,073973;9,815460;543;;
Q802;Grissheim;1;1;47,878010;7,571610;209;;
Q803;Dorfbachtalbruecke;2;1;47,587490;7,747560;384;;
Q830;Heilsberg 1;1;1;47,747120;8,757210;497;;
Q831;Heilsberg 2;1;1;47,747400;8,756880;491;;
Q842;Immensitz;2;1;47,892860;8,711690;742;;
Q849;Aachtalbruecke;2;1;47,831030;8,960630;434;;
Q850;AS Radolfzell;2;1;47,763400;8,984000;436;;
Q858;Nesselwangen;1;1;47,815557;9,107299;583;;
Q861;Veringenstadt;1;1;48,184938;9,218571;634;;
Q872;Hirschegg;1;1;47,949376;9,525221;623;;
Q874;Mieterkingen Bruecke;2;1;48,040196;9,463022;592;;
Q875;Meersburger Str.;1;1;47,782189;9,597806;434;;
Q876;Oberzell;1;1;47,760244;9,580692;429;;
Q877;Gornhofen;1;1;47,724522;9,629831;591;;
Q892;Altmannshofen;1;1;47,878090;10,035690;643;;
Q893;Riedlings;1;1;47,855673;9,923471;652;;
Q898;Emerlanden;1;1;47,754900;10,114600;756;;
Q900;Loerrach;1;1;47,602911;7,689153;444;;
Q904;Dreieck Weil;1;2;47,621390;7,582500;244;;
Q905;Homburg;1;1;47,634170;7,682500;301;;
Q907;Wiesetalbruecke;2;1;47,632350;7,671880;307;;
Q908;Rebgarten;1;2;47,612220;7,593890;246;;
Q910;VLS Weil am Rhein W1;1;1;47,675020;7,523430;234;;
Q912;VLS Weil am Rhein W2;1;1;47,654190;7,534540;238;;
Q914;VLS Weil am Rhein W3;1;1;47,631150;7,570880;243;;
Q915;VLS Weil am Rhein W4;1;1;47,614950;7,587180;246;;
Q920;VLS Rheinfelden W1;1;1;47,570790;7,760600;307;;
Q921;Groß Ehrstädt;2;1;47,560981;8,027709;350;L;
Q923;Kaltdurchlass;2;1;47,587041;7,776963;370;A;
Q924;Rappenstein;2;1;47,569903;8,057832;370;L;
Q929;Kandern Süd;1;1;47,631945;7,647779;358;A;
Q930;Gauchachtalbrücke Döggingen;2;1;47,893000;8,419100;688;L;
Q952;Bürgerwald 1;2;1;47,623532;8,268294;328;A;
Q953;Bürgerwald 2;2;1;47,632646;8,288503;338;A;
Q960;Koenigseggwald ;1;1;47,930800;9,414400;647;L;
Q970;Rotheidlen;1;1;47,731022;9,701417;681;;
Q971;Buechel;1;1;47,782222;9,777500;686;;
Q973;OU Kressbronn;1;1;47,606038;9,600424;421;;
Q977;Schmalegg;1;1;47,802992;9,541355;565;;
Q981;Staudach;1;1;47,672900;9,952819;673;;
Q983;Herfatz Tunnel Sued;1;1;47,700000;9,814200;569;;
Q984;HerfatzTunnel Nord;1;1;47,700000;9,800000;557;;
Q985;Herfatz Sued;1;1;47,709700;9,816670;585;;
Q986;Herfatz Nord;1;1;47,711900;9,824200;602;;
Q987;Argenbruecke Mitte;2;1;47,645937;9,750392;528;;
Q988;Argenbruecke Nord;2;1;47,648514;9,754482;544;;
Q989;Argenbruecke Sued;2;1;47,642477;9,746756;515;;
V040;Fuerstenried;1;1;48,077268;11,487394;567;A;
V041;Greifenberg;1;1;48,075249;11,100582;550;A;
V042;Martinsberg;1;1;48,083716;11,161561;568;A;
V043;Regensburg-West;1;1;49,027165;12,071871;339;A;
V044;Ohu;2;1;48,601409;12,230784;381;A;
V045;Woerthsee;1;1;48,086611;11,214589;579;A;
V046;Regensburg-Nord;1;1;49,042848;12,095435;331;A;
V047;AD Rosenheim B15n;2;1;47,814033;12,065413;475;A;
V048;Farchant-Tunnel;1;1;47,535061;11,118974;671;A;
V049;AK Regensburg;1;1;48,992119;12,061635;427;A;
V050;Ammersee;1;1;48,078722;11,127794;539;A;
V064;Baumuehle;1;1;49,191290;11,880430;383;L;
V065;Hintergindering;1;1;48,449670;12,556960;466;L;
V066;Schoenebach;1;1;48,304540;10,571320;482;L;
V067;Saldenburg;1;1;48,776790;13,367290;557;L;
V068;Leupoldstein;1;1;49,697350;11,393550;551;L;
V069;Schwedenschanze (BY);1;1;50,422280;9,936210;729;L;
V070;Fultenbach;1;1;48,492940;10,571030;494;L;
V071;Doebra;1;1;50,283780;11,646280;714;L;
V072;Rangen;1;1;50,060760;11,787330;618;L;
V073;Waldeck-Laaber;1;1;49,331520;11,565120;561;L;
V074;Roetz;1;1;49,317860;12,500230;646;L;
V075;Neuloipfering;1;1;48,701690;13,260740;424;L;
V076;Hohenschaefftlarn;1;1;47,999580;11,465940;661;L;
V077;Rehau;1;1;48,880180;10,861270;565;L;
V078;Ruetschenhausen;1;1;50,059520;10,068790;327;L;
V079;Eckersdorf;1;1;49,929700;11,476310;443;L;
V080;Schindellohe;1;1;49,942830;12,015770;595;L;
V081;Wolfersdorf;1;1;49,131650;12,741540;493;L;
V082;Toepen;1;1;50,383240;11,885410;564;L;
V083;Jettingsdorf;1;1;49,113330;11,403410;541;L;
V084;Isarhang-Pullach;1;1;48,041370;11,512860;606;L;
V085;Hergolding;1;1;48,121530;11,792060;537;K;
V086;Maximilianshof;1;1;49,478880;12,342050;567;L;
V087;Schiessen;1;1;48,293690;10,237110;512;K;
V088;Freundorf;1;1;48,848820;13,228930;734;L;
V089;Waldhaus;1;1;48,246130;10,402320;555;L;
V090;Obenhausen;2;1;48,233470;10,182650;548;L;
V091;Limbach;1;1;49,338870;11,044540;341;K;
V093;Schoenfeld;1;1;48,895080;11,043560;498;K;
V094;Rueckholz;1;1;47,645230;10,533900;949;K;
V095;Mickhausen;1;1;48,248662;10,633733;531;K;
V096;Wiesenhofen;1;1;49,044640;11,411010;513;K;
V100;Burg;1;1;47,862920;10,434260;846;K;
V101;Halblech;1;1;47,638090;10,817210;800;K;
V102;Haarbach;1;1;48,572980;11,709050;501;K;
V103;Haindlfing;1;1;48,432560;11,725240;503;K;
V132;Schwarzachbruecke;2;1;49,392729;12,152363;363;A;
V133;Nuernberg-Langwasser;1;1;49,393670;11,136600;347;K;
V134;Nuernberg-Laufamholz;1;1;49,467070;11,166420;327;K;
V135;Nuernberg-Hafen;1;1;49,386080;11,061980;321;K;
V138;Oberwappenoest;1;1;49,906670;11,938000;600;L;
V139;Schirnding;1;1;50,084420;12,240000;481;L;
V160;Gerolsbach;1;1;48,481611;11,378571;520;L;
V163;Germering;1;1;48,117250;11,380440;548;A;
V164;Eschenlohe;1;1;47,604920;11,176900;632;A;
V165;Ampfing;1;1;48,247126;12,408800;418;A;
V166;Goeggingen;1;1;48,333230;10,886500;498;A;
V500;Kuenzelsau;1;1;49,215733;9,677383;355;;
V501;KS-Rheinbr. Mannheim;2;1;49,491463;8,450479;103;;
V502;Eggenstein;1;1;49,066103;8,400876;107;;
V503;Wettersbach;1;1;48,951352;8,471806;228;;
V504;Freudenweiler;1;1;48,235975;9,141231;790;;
V505;Hoechsten;1;1;47,820460;9,400980;828;;
V506;Rastplatz Woelfele;1;1;47,719388;9,244433;452;;
V507;Sonderriet;1;1;49,723838;9,431395;311;;
V508;Weikerstetten;1;1;49,611411;9,555094;288;;
V509;Buch;1;1;49,539630;9,561788;374;;
V510;Waldp.platz Stuppach;1;1;49,427607;9,749895;369;;
V511;Reinsbronn  Muehle;1;1;49,501162;10,034961;268;;
V512;SM Moeglingen;1;1;48,890360;9,146870;312;;
V513;Hohenzollerstr.;1;1;48,892870;9,139210;306;;
V514;Markgroeningen;1;1;48,900982;9,020669;330;;
V515;Boennigheim ;1;1;49,026267;9,081178;251;;
V516;Hardwaldkreuzung ;1;1;48,984247;9,346098;316;;
V517;Gaisbeuren;1;1;47,882706;9,710556;607;;
V518;Moehnhof;1;1;48,753464;9,970050;655;;
V519;Urbachviadukt;2;1;47,908689;9,762361;615;;
V520;Obergreuth;1;1;47,916495;9,935076;736;;
V521;Nordrampe ;1;1;48,904635;9,987925;367;;
V522;Seelach ;1;1;48,922202;9,725820;559;;
V523;Ohmenheim ;1;1;48,780598;10,353588;580;;
V524;Roettinger Hoehe ;1;1;48,872035;10,278765;560;;
V525;Ebnater Steige ;1;1;48,806345;10,209381;588;;
V526;Willa;1;1;49,023808;10,012845;506;;
V527;Strut;1;1;48,937680;10,270741;539;;
V528;Fh. Mannheim;1;2;49,472665;8,514002;90;;
V529;Reichental;1;1;48,727090;8,392790;432;;
V530;Leimen 1;2;1;49,356892;8,697070;167;;
V531;Leimen 2;2;1;49,357071;8,695955;160;;
V532;Brombach;2;1;47,636584;7,701253;315;;
V533;Oelsteige;1;1;49,048406;10,082394;422;;
V534;Rottalsenke;1;1;49,075175;9,553283;496;;
V535;Hasenklinge;1;1;48,929761;9,876422;348;;
V536;Spitzelbach;1;1;48,972867;9,767617;387;;
V537;Rot am See;1;1;49,242942;10,030631;425;;
V538;Guetbach;1;1;49,362797;9,902611;460;;
V539;Winterberg ;1;1;47,801086;9,982719;700;;
V540;AK Ulm Elchingen ;2;1;48,465392;10,113100;475;;
V541;Hungerbrunnentalbr.;2;1;48,557692;10,126231;493;;
V542;Kandern;1;1;47,631417;7,649674;358;;
V543;Rheinfelden Sued;1;1;47,551542;7,757342;273;;
V544;T&R Breisgau;1;1;47,971028;7,720557;228;;
V545;Rust;1;1;48,253475;7,762359;167;;
V546;Oberndorf;1;1;48,306955;8,636512;568;;
V547;Dietschebruecke;1;1;47,838850;9,006815;500;;
V548;Empfingen;1;1;48,404391;8,727112;528;;
V549;Aspacher Hoehe ;1;1;49,352002;9,042551;296;;
V550;Waldbrunn;1;1;49,459937;9,075255;529;;
V551;Boettingen ;1;1;49,280133;9,157245;147;;
V552;Stetten Lochwald ;1;1;49,117570;9,017562;270;;
V553;Bittelbronn ;1;1;49,338639;9,324013;333;;
V554;Loewensteiner Platte ;1;1;49,093118;9,397456;468;;
V602;Pfoerring;1;1;48,793650;11,692020;356;L;
V603;Biesenhard;1;1;48,822710;11,135630;531;L;
V604;Dinau;1;1;49,154300;11,909060;493;L;
V605;Freudenricht ;1;1;49,219070;11,713180;536;L;
V606;Kiefersfelden;1;1;47,620910;12,185850;498;L;
V607;Egglkofen;1;1;48,402830;12,445150;481;L;
V608;Hufschlag;1;1;47,881680;12,671150;624;L;
V609;Schnaitsee;1;1;48,069080;12,389070;557;L;
V610;Fuchsberg;1;1;48,316090;12,738910;496;L;
V611;Hammerauer Berg;1;1;47,786580;12,937080;476;L;
V612;Gramschatz;1;1;49,922370;9,969250;335;L;
V613;Hettstadter Steige;1;1;49,798080;9,851720;322;L;
V614;Aschenroth;1;1;50,089150;9,774020;333;L;
V615;Muhr am See;1;1;49,147340;10,733750;414;L;
V616;Wolfertsbronn;1;1;49,052850;10,265700;502;L;
V617;Guggenberg;1;1;49,650920;9,401910;403;L;
V618;Talbruecke Seckmauern;1;1;49,798056;9,142778;133;L;
V619;Grosshelfendorf;1;1;47,939130;11,755680;629;L;
V620;Erlau;1;1;48,431260;11,771580;481;L;
V621;Langenpreising-St2082;1;1;48,434750;11,979630;422;L;
V622;Kirchasch;1;1;48,289850;11,995490;503;L;
V623;Poettmes;1;1;48,567810;11,070840;435;L;
V624;Aichach;1;1;48,459300;11,148820;456;L;
V625;Ried-Zillenberg;1;1;48,292650;11,071960;521;L;
V626;Adelsried;1;1;48,418860;10,718750;490;L;
V627;Tapfheim-Reichenbachbruecke;1;1;48,667360;10,674250;413;L;
V628;Egermuehle-Egerbruecke;1;1;48,807710;10,633010;408;L;
V629;Sankt Salvator-St2116;1;1;48,500800;13,203520;447;L;
V630;Hainstetten-Schaufling;1;1;48,835910;13,050050;536;L;
V631;Fatschenbrunner Hoehe;1;1;49,926540;10,576320;471;L;
V632;Hofstetten-Hassberge;1;1;50,068660;10,639180;402;L;
V633;Waldkirch;1;1;49,723420;12,387550;690;L;
V634;Schnabelwaid;1;1;49,811200;11,587440;445;L;
V635;Speichersdorf;1;1;49,878940;11,777410;467;L;
V636;Wulmersreuth;1;1;50,188940;11,815260;539;L;
V637;Widenau;1;1;50,203930;12,160960;647;L;
V638;Weissenstadt;1;1;50,095490;11,872360;618;L;
V639;Irsee;1;1;47,903810;10,565360;784;L;
V640;Bidingen;1;1;47,848010;10,706440;790;L;
V641;Pilmersreuth a. d. Strasse;1;1;49,829232;12,308824;543;L;
V642;Freundlbrunnen;1;1;49,964346;12,380973;626;L;
V643;Rehling;1;1;48,488889;10,940778;490;L;
V644;Schmiechen;1;1;48,212806;10,973972;544;L;
V645;Ollarzried;1;1;47,885093;10,375115;833;L;
V646;Oberegg;1;1;47,945500;10,459028;740;L;
V647;Kellerberg;1;1;48,107611;10,566611;642;L;
V648;Amberg;1;1;48,061389;10,654556;600;L;
V649;Grenzhof;1;1;48,072533;10,173194;567;L;
V650;Herbisried;1;1;47,846483;10,222356;769;L;
V651;Maerxle;1;1;48,108292;10,355833;594;L;
V652;Bad Groenenbach;1;1;47,873056;10,213056;703;L;
V653;Niederlauer;1;1;50,298306;10,184944;226;K;
V654;Schmalwasser;1;1;50,342833;10,043500;406;K;
V655;Kreuzberg;1;1;50,374500;9,975778;844;K;
V656;Thüringer Hütte;1;1;50,479278;10,082750;707;K;
V657;Reuperts;1;1;50,485778;10,099972;626;K;
V658;Brüchs;1;1;50,535694;10,160972;518;K;
V659;Filke;1;1;50,518500;10,217750;418;K;
V660;Hainhof/Ostheim;1;1;50,435444;10,242083;346;K;
V661;Oberwaldbehrungen;1;1;50,434972;10,157250;362;K;
V662;Rastanlage MET;1;1;50,420639;10,348222;384;K;
V663;Junkershausen;1;1;50,356278;10,329028;319;K;
V664;Rödelmaier;1;1;50,321667;10,287278;344;K;
V665;Wollbach;1;1;50,356389;10,232694;328;K;
V666;Burgwallbach;1;1;50,364639;10,103417;439;K;
V667;Breitensee;1;1;50,348778;10,538139;332;K;
V668;Zimmerau;1;1;50,269889;10,587639;393;K;
V669;Sambachshof;1;1;50,244500;10,460417;426;K;
V670;Großbardorf;1;1;50,273639;10,373056;286;K;
V671;Uffenheim;1;2;49,551920;10,217280;314;L;
V672;Frankenfeld;1;2;49,630000;10,491430;297;L;
V673;Sudelfeldpass;1;1;47,678860;12,035680;1118;L;
V674;Spitzingsattel;1;2;47,672610;11,886820;1139;L;
V675;Burgweinting;2;2;48,996900;12,143910;331;A;
V676;Kirchham;1;1;48,356090;13,257420;335;A;
V677;Riedlhütte Friedhof;1;1;48,908653;13,391178;743;K;
V678;Neuschönau Hochbehälter Lusen;1;1;48,930340;13,472641;1081;K;
V679;Frauenau Langlaufzentrum;1;1;48,981285;13,285199;729;K;
V680;Spieglau - Althütte;1;1;48,936604;13,316690;811;L;
V681;Lindberg Rieshaus;1;1;49,023650;13,284833;672;K;
